"monk","session","piccat","dv","Nimg","Ntot","sessdate"
1,1,1,-20,0,24,2008-03-15
1,1,2,-20,13,24,2008-03-15
1,1,3,-20,2,24,2008-03-15
1,1,4,-20,11,24,2008-03-15
1,1,1,-10,10,24,2008-03-15
1,1,2,-10,9,24,2008-03-15
1,1,3,-10,2,25,2008-03-15
1,1,4,-10,2,24,2008-03-15
1,1,1,0,4,24,2008-03-15
1,1,2,0,18,24,2008-03-15
1,1,3,0,5,24,2008-03-15
1,1,4,0,3,24,2008-03-15
1,1,1,10,10,24,2008-03-15
1,1,2,10,19,24,2008-03-15
1,1,3,10,6,24,2008-03-15
1,1,4,10,2,24,2008-03-15
1,1,1,20,17,24,2008-03-15
1,1,2,20,23,24,2008-03-15
1,1,3,20,2,24,2008-03-15
1,1,4,20,6,24,2008-03-15
1,2,1,-20,17,48,2008-03-17
1,2,2,-20,16,48,2008-03-17
1,2,3,-20,10,24,2008-03-17
1,2,4,-20,17,24,2008-03-17
1,2,1,-10,35,48,2008-03-17
1,2,2,-10,25,48,2008-03-17
1,2,3,-10,4,25,2008-03-17
1,2,4,-10,18,24,2008-03-17
1,2,1,0,25,48,2008-03-17
1,2,2,0,40,48,2008-03-17
1,2,3,0,21,24,2008-03-17
1,2,4,0,19,24,2008-03-17
1,2,1,10,35,48,2008-03-17
1,2,2,10,42,49,2008-03-17
1,2,3,10,20,24,2008-03-17
1,2,4,10,24,24,2008-03-17
1,2,1,20,44,48,2008-03-17
1,2,2,20,40,49,2008-03-17
1,2,3,20,13,24,2008-03-17
1,2,4,20,23,24,2008-03-17
1,3,1,-20,0,25,2008-03-17
1,3,2,-20,6,24,2008-03-17
1,3,3,-20,8,24,2008-03-17
1,3,4,-20,4,25,2008-03-17
1,3,1,0,4,24,2008-03-17
1,3,2,0,14,24,2008-03-17
1,3,3,0,12,40,2008-03-17
1,3,4,0,15,24,2008-03-17
1,3,1,20,14,24,2008-03-17
1,3,2,20,25,41,2008-03-17
1,3,3,20,29,40,2008-03-17
1,3,4,20,24,24,2008-03-17
1,3,1,40,0,0,2008-03-17
1,3,2,40,14,15,2008-03-17
1,3,3,40,14,15,2008-03-17
1,3,4,40,14,15,2008-03-17
1,4,1,-60,0,0,2008-03-18
1,4,2,-60,25,31,2008-03-18
1,4,3,-60,0,0,2008-03-18
1,4,4,-60,0,0,2008-03-18
1,4,1,-40,3,20,2008-03-18
1,4,2,-40,9,10,2008-03-18
1,4,3,-40,1,20,2008-03-18
1,4,4,-40,8,21,2008-03-18
1,4,1,-20,3,24,2008-03-18
1,4,2,-20,9,24,2008-03-18
1,4,3,-20,14,24,2008-03-18
1,4,4,-20,0,25,2008-03-18
1,4,1,-10,8,24,2008-03-18
1,4,2,-10,16,24,2008-03-18
1,4,3,-10,15,24,2008-03-18
1,4,4,-10,9,25,2008-03-18
1,4,1,0,5,24,2008-03-18
1,4,2,0,19,25,2008-03-18
1,4,3,0,3,24,2008-03-18
1,4,4,0,22,24,2008-03-18
1,4,1,10,11,25,2008-03-18
1,4,2,10,24,25,2008-03-18
1,4,3,10,22,25,2008-03-18
1,4,4,10,16,24,2008-03-18
1,4,1,20,13,25,2008-03-18
1,4,2,20,11,24,2008-03-18
1,4,3,20,24,25,2008-03-18
1,4,4,20,16,24,2008-03-18
1,4,1,40,15,21,2008-03-18
1,4,2,40,9,11,2008-03-18
1,4,3,40,14,21,2008-03-18
1,4,4,40,13,20,2008-03-18
1,4,1,60,0,0,2008-03-18
1,4,2,60,23,31,2008-03-18
1,4,3,60,0,0,2008-03-18
1,4,4,60,0,0,2008-03-18
1,5,1,-30,5,20,2008-03-22
1,5,2,-30,8,21,2008-03-22
1,5,3,-30,6,20,2008-03-22
1,5,4,-30,8,20,2008-03-22
1,5,1,-10,9,21,2008-03-22
1,5,2,-10,2,21,2008-03-22
1,5,3,-10,12,21,2008-03-22
1,5,4,-10,7,21,2008-03-22
1,5,1,0,7,21,2008-03-22
1,5,2,0,16,20,2008-03-22
1,5,3,0,6,20,2008-03-22
1,5,4,0,13,21,2008-03-22
1,5,1,10,18,20,2008-03-22
1,5,2,10,19,20,2008-03-22
1,5,3,10,13,20,2008-03-22
1,5,4,10,5,20,2008-03-22
1,5,1,30,19,20,2008-03-22
1,5,2,30,19,20,2008-03-22
1,5,3,30,17,21,2008-03-22
1,5,4,30,14,20,2008-03-22
1,6,1,-40,0,20,2008-03-26
1,6,2,-40,0,16,2008-03-26
1,6,3,-40,1,16,2008-03-26
1,6,4,-40,2,15,2008-03-26
1,6,1,-20,7,20,2008-03-26
1,6,2,-20,0,21,2008-03-26
1,6,3,-20,4,20,2008-03-26
1,6,4,-20,6,20,2008-03-26
1,6,1,0,23,37,2008-03-26
1,6,2,0,3,35,2008-03-26
1,6,3,0,5,35,2008-03-26
1,6,4,0,11,21,2008-03-26
1,6,1,20,22,35,2008-03-26
1,6,2,20,16,20,2008-03-26
1,6,3,20,9,21,2008-03-26
1,6,4,20,11,20,2008-03-26
1,6,1,40,9,21,2008-03-26
1,6,2,40,8,15,2008-03-26
1,6,3,40,6,15,2008-03-26
1,6,4,40,9,16,2008-03-26
1,7,1,-40,3,30,2008-03-26
1,7,2,-40,6,31,2008-03-26
1,7,3,-40,9,30,2008-03-26
1,7,4,-40,9,30,2008-03-26
1,7,1,-20,7,18,2008-03-26
1,7,2,-20,4,16,2008-03-26
1,7,3,-20,4,15,2008-03-26
1,7,4,-20,0,15,2008-03-26
1,7,1,0,20,46,2008-03-26
1,7,2,0,31,46,2008-03-26
1,7,3,0,16,46,2008-03-26
1,7,4,0,21,46,2008-03-26
1,7,1,20,22,31,2008-03-26
1,7,2,20,11,15,2008-03-26
1,7,3,20,11,16,2008-03-26
1,7,4,20,7,16,2008-03-26
1,7,1,40,22,31,2008-03-26
1,7,2,40,21,30,2008-03-26
1,7,3,40,25,31,2008-03-26
1,7,4,40,24,31,2008-03-26
1,8,1,-40,6,31,2008-03-27
1,8,2,-40,6,46,2008-03-27
1,8,3,-40,7,30,2008-03-27
1,8,4,-40,5,15,2008-03-27
1,8,1,-20,3,31,2008-03-27
1,8,2,-20,12,30,2008-03-27
1,8,3,-20,12,31,2008-03-27
1,8,4,-20,17,30,2008-03-27
1,8,1,0,45,61,2008-03-27
1,8,2,0,49,76,2008-03-27
1,8,3,0,25,61,2008-03-27
1,8,4,0,16,47,2008-03-27
1,8,1,20,19,31,2008-03-27
1,8,2,20,15,32,2008-03-27
1,8,3,20,29,31,2008-03-27
1,8,4,20,19,31,2008-03-27
1,8,1,40,27,30,2008-03-27
1,8,2,40,37,46,2008-03-27
1,8,3,40,26,31,2008-03-27
1,8,4,40,14,15,2008-03-27
1,9,1,-120,18,53,2008-03-28
1,9,2,-120,9,31,2008-03-28
1,9,3,-120,12,31,2008-03-28
1,9,4,-120,2,21,2008-03-28
1,9,1,-100,2,21,2008-03-28
1,9,2,-100,0,0,2008-03-28
1,9,3,-100,0,0,2008-03-28
1,9,4,-100,0,0,2008-03-28
1,9,1,-40,12,30,2008-03-28
1,9,2,-40,7,32,2008-03-28
1,9,3,-40,14,30,2008-03-28
1,9,4,-40,7,30,2008-03-28
1,9,1,0,44,85,2008-03-28
1,9,2,0,17,30,2008-03-28
1,9,3,0,16,30,2008-03-28
1,9,4,0,15,32,2008-03-28
1,9,1,40,18,31,2008-03-28
1,9,2,40,26,30,2008-03-28
1,9,3,40,16,32,2008-03-28
1,9,4,40,25,30,2008-03-28
1,9,1,100,13,20,2008-03-28
1,9,2,100,0,0,2008-03-28
1,9,3,100,0,0,2008-03-28
1,9,4,100,0,0,2008-03-28
1,9,1,120,51,53,2008-03-28
1,9,2,120,26,31,2008-03-28
1,9,3,120,25,31,2008-03-28
1,9,4,120,18,20,2008-03-28
1,10,1,-40,6,40,2008-04-02
1,10,2,-40,2,21,2008-04-02
1,10,3,-40,9,20,2008-04-02
1,10,4,-40,20,41,2008-04-02
1,10,1,-20,21,30,2008-04-02
1,10,2,-20,8,21,2008-04-02
1,10,3,-20,19,21,2008-04-02
1,10,4,-20,12,21,2008-04-02
1,10,1,0,38,71,2008-04-02
1,10,2,0,22,40,2008-04-02
1,10,3,0,34,40,2008-04-02
1,10,4,0,40,40,2008-04-02
1,10,1,20,30,31,2008-04-02
1,10,2,20,20,20,2008-04-02
1,10,3,20,19,20,2008-04-02
1,10,4,20,12,20,2008-04-02
1,10,1,40,37,42,2008-04-02
1,10,2,40,20,20,2008-04-02
1,10,3,40,16,21,2008-04-02
1,10,4,40,19,21,2008-04-02
1,11,1,-40,3,40,2008-04-09
1,11,2,-40,4,42,2008-04-09
1,11,3,-40,1,42,2008-04-09
1,11,4,-40,3,41,2008-04-09
1,11,1,0,24,40,2008-04-09
1,11,2,0,22,45,2008-04-09
1,11,3,0,21,40,2008-04-09
1,11,4,0,20,40,2008-04-09
1,11,1,40,36,42,2008-04-09
1,11,2,40,27,40,2008-04-09
1,11,3,40,26,40,2008-04-09
1,11,4,40,35,41,2008-04-09
1,12,1,-40,6,40,2008-04-10
1,12,2,-40,15,41,2008-04-10
1,12,3,-40,9,40,2008-04-10
1,12,4,-40,5,42,2008-04-10
1,12,1,-20,12,42,2008-04-10
1,12,2,-20,17,41,2008-04-10
1,12,3,-20,10,40,2008-04-10
1,12,4,-20,16,41,2008-04-10
1,12,1,0,26,42,2008-04-10
1,12,2,0,27,40,2008-04-10
1,12,3,0,36,40,2008-04-10
1,12,4,0,33,60,2008-04-10
1,12,1,20,30,40,2008-04-10
1,12,2,20,25,41,2008-04-10
1,12,3,20,22,42,2008-04-10
1,12,4,20,19,41,2008-04-10
1,12,1,40,32,40,2008-04-10
1,12,2,40,36,41,2008-04-10
1,12,3,40,37,42,2008-04-10
1,12,4,40,33,40,2008-04-10
1,13,1,-40,4,20,2008-04-12
1,13,2,-40,1,20,2008-04-12
1,13,3,-40,5,21,2008-04-12
1,13,4,-40,9,20,2008-04-12
1,13,1,-20,3,20,2008-04-12
1,13,2,-20,5,21,2008-04-12
1,13,3,-20,0,0,2008-04-12
1,13,4,-20,0,0,2008-04-12
1,13,1,0,9,20,2008-04-12
1,13,2,0,9,21,2008-04-12
1,13,3,0,19,20,2008-04-12
1,13,4,0,12,21,2008-04-12
1,13,1,20,18,21,2008-04-12
1,13,2,20,17,20,2008-04-12
1,13,3,20,0,0,2008-04-12
1,13,4,20,13,15,2008-04-12
1,13,1,40,14,21,2008-04-12
1,13,2,40,16,20,2008-04-12
1,13,3,40,17,20,2008-04-12
1,13,4,40,18,20,2008-04-12
1,14,1,-40,1,20,2008-04-12
1,14,2,-40,1,21,2008-04-12
1,14,3,-40,4,20,2008-04-12
1,14,4,-40,6,21,2008-04-12
1,14,1,-20,6,20,2008-04-12
1,14,2,-20,7,21,2008-04-12
1,14,3,-20,16,20,2008-04-12
1,14,4,-20,3,20,2008-04-12
1,14,1,0,24,41,2008-04-12
1,14,2,0,11,20,2008-04-12
1,14,3,0,17,20,2008-04-12
1,14,4,0,12,20,2008-04-12
1,14,1,20,18,21,2008-04-12
1,14,2,20,18,20,2008-04-12
1,14,3,20,19,21,2008-04-12
1,14,4,20,18,21,2008-04-12
1,14,1,40,20,20,2008-04-12
1,14,2,40,20,20,2008-04-12
1,14,3,40,18,21,2008-04-12
1,14,4,40,15,20,2008-04-12
1,15,1,-40,4,20,2008-04-12
1,15,2,-40,2,21,2008-04-12
1,15,3,-40,4,21,2008-04-12
1,15,4,-40,4,20,2008-04-12
1,15,1,-20,3,20,2008-04-12
1,15,2,-20,7,21,2008-04-12
1,15,3,-20,7,21,2008-04-12
1,15,4,-20,4,21,2008-04-12
1,15,1,0,25,40,2008-04-12
1,15,2,0,13,20,2008-04-12
1,15,3,0,4,20,2008-04-12
1,15,4,0,12,20,2008-04-12
1,15,1,20,16,21,2008-04-12
1,15,2,20,19,20,2008-04-12
1,15,3,20,19,20,2008-04-12
1,15,4,20,17,20,2008-04-12
1,15,1,40,19,21,2008-04-12
1,15,2,40,17,20,2008-04-12
1,15,3,40,20,20,2008-04-12
1,15,4,40,19,21,2008-04-12
1,16,1,-40,1,21,2008-04-13
1,16,2,-40,1,20,2008-04-13
1,16,3,-40,3,20,2008-04-13
1,16,4,-40,0,20,2008-04-13
1,16,1,0,2,20,2008-04-13
1,16,2,0,6,20,2008-04-13
1,16,3,0,11,20,2008-04-13
1,16,4,0,11,20,2008-04-13
1,16,1,40,20,20,2008-04-13
1,16,2,40,19,21,2008-04-13
1,16,3,40,20,21,2008-04-13
1,16,4,40,20,21,2008-04-13
1,17,1,-40,0,21,2008-04-13
1,17,2,-40,5,20,2008-04-13
1,17,3,-40,5,20,2008-04-13
1,17,4,-40,4,20,2008-04-13
1,17,1,0,21,40,2008-04-13
1,17,2,0,11,20,2008-04-13
1,17,3,0,16,21,2008-04-13
1,17,4,0,16,20,2008-04-13
1,17,1,40,18,20,2008-04-13
1,17,2,40,16,21,2008-04-13
1,17,3,40,18,20,2008-04-13
1,17,4,40,18,21,2008-04-13
1,18,1,-40,1,21,2008-04-13
1,18,2,-40,2,20,2008-04-13
1,18,3,-40,3,20,2008-04-13
1,18,4,-40,0,20,2008-04-13
1,18,1,-20,1,20,2008-04-13
1,18,2,-20,1,20,2008-04-13
1,18,3,-20,8,20,2008-04-13
1,18,4,-20,0,21,2008-04-13
1,18,1,0,28,40,2008-04-13
1,18,2,0,6,21,2008-04-13
1,18,3,0,6,20,2008-04-13
1,18,4,0,6,21,2008-04-13
1,18,1,20,12,21,2008-04-13
1,18,2,20,5,21,2008-04-13
1,18,3,20,4,21,2008-04-13
1,18,4,20,12,20,2008-04-13
1,18,1,40,14,20,2008-04-13
1,18,2,40,12,20,2008-04-13
1,18,3,40,14,21,2008-04-13
1,18,4,40,16,20,2008-04-13
1,19,1,-40,4,41,2008-04-14
1,19,2,-40,1,21,2008-04-14
1,19,3,-40,3,21,2008-04-14
1,19,4,-40,2,20,2008-04-14
1,19,1,-20,7,20,2008-04-14
1,19,2,-20,2,21,2008-04-14
1,19,3,-20,2,21,2008-04-14
1,19,4,-20,5,21,2008-04-14
1,19,1,0,20,40,2008-04-14
1,19,2,0,9,20,2008-04-14
1,19,3,0,9,20,2008-04-14
1,19,4,0,8,20,2008-04-14
1,19,1,20,17,21,2008-04-14
1,19,2,20,16,20,2008-04-14
1,19,3,20,9,20,2008-04-14
1,19,4,20,18,20,2008-04-14
1,19,1,40,39,41,2008-04-14
1,19,2,40,19,20,2008-04-14
1,19,3,40,19,20,2008-04-14
1,19,4,40,19,21,2008-04-14
1,20,1,-40,10,61,2008-04-14
1,20,2,-40,7,55,2008-04-14
1,20,3,-40,5,62,2008-04-14
1,20,4,-40,7,41,2008-04-14
1,20,1,-20,6,20,2008-04-14
1,20,2,-20,8,21,2008-04-14
1,20,3,-20,4,21,2008-04-14
1,20,4,-20,5,21,2008-04-14
1,20,1,0,24,61,2008-04-14
1,20,2,0,2,41,2008-04-14
1,20,3,0,24,40,2008-04-14
1,20,4,0,22,41,2008-04-14
1,20,1,20,17,21,2008-04-14
1,20,2,20,38,40,2008-04-14
1,20,3,20,29,41,2008-04-14
1,20,4,20,17,20,2008-04-14
1,20,1,40,55,61,2008-04-14
1,20,2,40,38,40,2008-04-14
1,20,3,40,32,40,2008-04-14
1,20,4,40,33,40,2008-04-14
1,21,1,-40,1,41,2008-04-15
1,21,2,-40,2,21,2008-04-15
1,21,3,-40,1,21,2008-04-15
1,21,4,-40,2,21,2008-04-15
1,21,1,-20,1,20,2008-04-15
1,21,2,-20,1,20,2008-04-15
1,21,3,-20,0,21,2008-04-15
1,21,4,-20,7,21,2008-04-15
1,21,1,0,12,40,2008-04-15
1,21,2,0,3,20,2008-04-15
1,21,3,0,13,20,2008-04-15
1,21,4,0,4,20,2008-04-15
1,21,1,20,15,21,2008-04-15
1,21,2,20,17,21,2008-04-15
1,21,3,20,16,20,2008-04-15
1,21,4,20,14,20,2008-04-15
1,21,1,40,36,41,2008-04-15
1,21,2,40,17,20,2008-04-15
1,21,3,40,20,20,2008-04-15
1,21,4,40,17,20,2008-04-15
1,22,1,-40,2,42,2008-04-18
1,22,2,-40,0,21,2008-04-18
1,22,3,-40,2,21,2008-04-18
1,22,4,-40,0,21,2008-04-18
1,22,1,-20,11,41,2008-04-18
1,22,2,-20,4,20,2008-04-18
1,22,3,-20,3,20,2008-04-18
1,22,4,-20,4,21,2008-04-18
1,22,1,0,16,40,2008-04-18
1,22,2,0,4,21,2008-04-18
1,22,3,0,15,21,2008-04-18
1,22,4,0,11,20,2008-04-18
1,22,1,20,35,41,2008-04-18
1,22,2,20,17,20,2008-04-18
1,22,3,20,10,20,2008-04-18
1,22,4,20,14,20,2008-04-18
1,22,1,40,36,40,2008-04-18
1,22,2,40,18,20,2008-04-18
1,22,3,40,15,20,2008-04-18
1,22,4,40,14,20,2008-04-18
1,23,1,-40,5,42,2008-04-18
1,23,2,-40,1,20,2008-04-18
1,23,3,-40,4,20,2008-04-18
1,23,4,-40,4,20,2008-04-18
1,23,1,-20,2,41,2008-04-18
1,23,2,-20,3,20,2008-04-18
1,23,3,-20,2,20,2008-04-18
1,23,4,-20,12,20,2008-04-18
1,23,1,0,26,41,2008-04-18
1,23,2,0,14,21,2008-04-18
1,23,3,0,5,21,2008-04-18
1,23,4,0,17,20,2008-04-18
1,23,1,20,35,40,2008-04-18
1,23,2,20,19,20,2008-04-18
1,23,3,20,17,20,2008-04-18
1,23,4,20,17,21,2008-04-18
1,23,1,40,34,40,2008-04-18
1,23,2,40,17,21,2008-04-18
1,23,3,40,18,21,2008-04-18
1,23,4,40,18,21,2008-04-18
1,24,1,-40,1,20,2008-04-19
1,24,2,-40,4,21,2008-04-19
1,24,3,-40,4,21,2008-04-19
1,24,4,-40,0,21,2008-04-19
1,24,1,-20,1,20,2008-04-19
1,24,2,-20,1,20,2008-04-19
1,24,3,-20,0,20,2008-04-19
1,24,4,-20,4,20,2008-04-19
1,24,1,0,4,20,2008-04-19
1,24,2,0,3,21,2008-04-19
1,24,3,0,11,20,2008-04-19
1,24,4,0,8,21,2008-04-19
1,24,1,20,6,21,2008-04-19
1,24,2,20,5,20,2008-04-19
1,24,3,20,12,21,2008-04-19
1,24,4,20,18,20,2008-04-19
1,24,1,40,13,21,2008-04-19
1,24,2,40,19,20,2008-04-19
1,24,3,40,17,20,2008-04-19
1,24,4,40,17,20,2008-04-19
1,25,1,-40,2,20,2008-04-22
1,25,2,-40,1,20,2008-04-22
1,25,3,-40,4,41,2008-04-22
1,25,4,-40,0,0,2008-04-22
1,25,1,-20,3,20,2008-04-22
1,25,2,-20,2,21,2008-04-22
1,25,3,-20,1,20,2008-04-22
1,25,4,-20,1,21,2008-04-22
1,25,1,0,15,21,2008-04-22
1,25,2,0,10,20,2008-04-22
1,25,3,0,12,20,2008-04-22
1,25,4,0,8,20,2008-04-22
1,25,1,20,13,20,2008-04-22
1,25,2,20,15,20,2008-04-22
1,25,3,20,13,21,2008-04-22
1,25,4,20,16,20,2008-04-22
1,25,1,40,20,21,2008-04-22
1,25,2,40,16,21,2008-04-22
1,25,3,40,33,41,2008-04-22
1,25,4,40,0,0,2008-04-22
1,26,1,-40,2,20,2008-04-22
1,26,2,-40,4,20,2008-04-22
1,26,3,-40,1,21,2008-04-22
1,26,4,-40,3,21,2008-04-22
1,26,1,-20,7,40,2008-04-22
1,26,2,-20,4,20,2008-04-22
1,26,3,-20,3,20,2008-04-22
1,26,4,-20,3,21,2008-04-22
1,26,1,0,12,40,2008-04-22
1,26,2,0,7,20,2008-04-22
1,26,3,0,12,21,2008-04-22
1,26,4,0,7,20,2008-04-22
1,26,1,20,32,42,2008-04-22
1,26,2,20,15,21,2008-04-22
1,26,3,20,17,20,2008-04-22
1,26,4,20,17,20,2008-04-22
1,26,1,40,18,21,2008-04-22
1,26,2,40,19,21,2008-04-22
1,26,3,40,19,20,2008-04-22
1,26,4,40,19,20,2008-04-22
1,27,1,-40,2,21,2008-04-23
1,27,2,-40,2,20,2008-04-23
1,27,3,-40,4,20,2008-04-23
1,27,4,-40,1,21,2008-04-23
1,27,1,-20,1,21,2008-04-23
1,27,2,-20,7,21,2008-04-23
1,27,3,-20,0,20,2008-04-23
1,27,4,-20,6,20,2008-04-23
1,27,1,0,6,20,2008-04-23
1,27,2,0,7,20,2008-04-23
1,27,3,0,14,20,2008-04-23
1,27,4,0,16,20,2008-04-23
1,27,1,20,19,20,2008-04-23
1,27,2,20,16,20,2008-04-23
1,27,3,20,18,21,2008-04-23
1,27,4,20,17,21,2008-04-23
1,27,1,40,18,20,2008-04-23
1,27,2,40,18,21,2008-04-23
1,27,3,40,19,21,2008-04-23
1,27,4,40,17,20,2008-04-23
1,28,1,-40,3,21,2008-04-23
1,28,2,-40,2,21,2008-04-23
1,28,3,-40,4,20,2008-04-23
1,28,4,-40,2,21,2008-04-23
1,28,1,-20,3,21,2008-04-23
1,28,2,-20,4,20,2008-04-23
1,28,3,-20,10,21,2008-04-23
1,28,4,-20,0,21,2008-04-23
1,28,1,0,15,20,2008-04-23
1,28,2,0,13,21,2008-04-23
1,28,3,0,16,20,2008-04-23
1,28,4,0,4,20,2008-04-23
1,28,1,20,20,20,2008-04-23
1,28,2,20,11,20,2008-04-23
1,28,3,20,18,20,2008-04-23
1,28,4,20,18,20,2008-04-23
1,28,1,40,16,20,2008-04-23
1,28,2,40,17,20,2008-04-23
1,28,3,40,18,21,2008-04-23
1,28,4,40,19,20,2008-04-23
1,29,1,-40,7,41,2008-04-25
1,29,2,-40,9,40,2008-04-25
1,29,3,-40,7,40,2008-04-25
1,29,4,-40,4,41,2008-04-25
1,29,1,-20,12,40,2008-04-25
1,29,2,-20,12,41,2008-04-25
1,29,3,-20,17,41,2008-04-25
1,29,4,-20,22,40,2008-04-25
1,29,1,0,18,40,2008-04-25
1,29,2,0,21,40,2008-04-25
1,29,3,0,26,40,2008-04-25
1,29,4,0,29,40,2008-04-25
1,29,1,20,19,41,2008-04-25
1,29,2,20,21,41,2008-04-25
1,29,3,20,37,40,2008-04-25
1,29,4,20,36,41,2008-04-25
1,29,1,40,37,40,2008-04-25
1,29,2,40,38,40,2008-04-25
1,29,3,40,35,41,2008-04-25
1,29,4,40,35,40,2008-04-25
1,30,1,-40,1,40,2008-05-21
1,30,2,-40,1,21,2008-05-21
1,30,3,-40,2,20,2008-05-21
1,30,4,-40,2,21,2008-05-21
1,30,1,-20,9,41,2008-05-21
1,30,2,-20,2,20,2008-05-21
1,30,3,-20,0,20,2008-05-21
1,30,4,-20,4,20,2008-05-21
1,30,1,0,19,41,2008-05-21
1,30,2,0,5,20,2008-05-21
1,30,3,0,14,20,2008-05-21
1,30,4,0,9,20,2008-05-21
1,30,1,20,32,40,2008-05-21
1,30,2,20,16,20,2008-05-21
1,30,3,20,12,21,2008-05-21
1,30,4,20,19,20,2008-05-21
1,30,1,40,36,40,2008-05-21
1,30,2,40,20,20,2008-05-21
1,30,3,40,18,20,2008-05-21
1,30,4,40,19,20,2008-05-21
1,31,1,-40,3,20,2008-05-22
1,31,2,-40,5,20,2008-05-22
1,31,3,-40,0,21,2008-05-22
1,31,4,-40,6,20,2008-05-22
1,31,1,-20,2,20,2008-05-22
1,31,2,-20,7,20,2008-05-22
1,31,3,-20,1,20,2008-05-22
1,31,4,-20,4,21,2008-05-22
1,31,1,0,10,20,2008-05-22
1,31,2,0,22,40,2008-05-22
1,31,3,0,5,20,2008-05-22
1,31,4,0,11,20,2008-05-22
1,31,1,20,14,21,2008-05-22
1,31,2,20,15,21,2008-05-22
1,31,3,20,20,20,2008-05-22
1,31,4,20,19,20,2008-05-22
1,31,1,40,20,20,2008-05-22
1,31,2,40,16,20,2008-05-22
1,31,3,40,19,20,2008-05-22
1,31,4,40,15,20,2008-05-22
1,32,1,-40,5,40,2008-05-27
1,32,2,-40,9,40,2008-05-27
1,32,3,-40,6,40,2008-05-27
1,32,4,-40,0,40,2008-05-27
1,32,1,-20,3,41,2008-05-27
1,32,2,-20,8,41,2008-05-27
1,32,3,-20,5,40,2008-05-27
1,32,4,-20,0,42,2008-05-27
1,32,1,0,15,40,2008-05-27
1,32,2,0,11,41,2008-05-27
1,32,3,0,23,40,2008-05-27
1,32,4,0,16,40,2008-05-27
1,32,1,20,25,40,2008-05-27
1,32,2,20,28,40,2008-05-27
1,32,3,20,36,42,2008-05-27
1,32,4,20,26,40,2008-05-27
1,32,1,40,36,41,2008-05-27
1,32,2,40,34,40,2008-05-27
1,32,3,40,31,40,2008-05-27
1,32,4,40,39,40,2008-05-27
1,33,1,-40,9,41,2008-05-28
1,33,2,-40,3,41,2008-05-28
1,33,3,-40,4,40,2008-05-28
1,33,4,-40,5,42,2008-05-28
1,33,1,-20,4,40,2008-05-28
1,33,2,-20,8,40,2008-05-28
1,33,3,-20,4,40,2008-05-28
1,33,4,-20,6,40,2008-05-28
1,33,1,0,21,40,2008-05-28
1,33,2,0,16,41,2008-05-28
1,33,3,0,37,40,2008-05-28
1,33,4,0,25,40,2008-05-28
1,33,1,20,29,41,2008-05-28
1,33,2,20,26,40,2008-05-28
1,33,3,20,38,41,2008-05-28
1,33,4,20,30,40,2008-05-28
1,33,1,40,38,40,2008-05-28
1,33,2,40,35,40,2008-05-28
1,33,3,40,39,41,2008-05-28
1,33,4,40,39,40,2008-05-28
1,34,1,-40,6,41,2008-05-29
1,34,2,-40,4,41,2008-05-29
1,34,3,-40,11,41,2008-05-29
1,34,4,-40,0,40,2008-05-29
1,34,1,-20,3,41,2008-05-29
1,34,2,-20,6,40,2008-05-29
1,34,3,-20,9,40,2008-05-29
1,34,4,-20,9,41,2008-05-29
1,34,1,0,22,40,2008-05-29
1,34,2,0,14,40,2008-05-29
1,34,3,0,25,40,2008-05-29
1,34,4,0,8,41,2008-05-29
1,34,1,20,31,40,2008-05-29
1,34,2,20,33,40,2008-05-29
1,34,3,20,36,41,2008-05-29
1,34,4,20,22,40,2008-05-29
1,34,1,40,25,40,2008-05-29
1,34,2,40,31,41,2008-05-29
1,34,3,40,38,40,2008-05-29
1,34,4,40,38,40,2008-05-29
1,35,1,-40,4,20,2008-05-29
1,35,2,-40,0,20,2008-05-29
1,35,3,-40,3,20,2008-05-29
1,35,4,-40,5,20,2008-05-29
1,35,1,-20,4,20,2008-05-29
1,35,2,-20,6,20,2008-05-29
1,35,3,-20,5,20,2008-05-29
1,35,4,-20,2,20,2008-05-29
1,35,1,0,10,20,2008-05-29
1,35,2,0,6,21,2008-05-29
1,35,3,0,9,21,2008-05-29
1,35,4,0,11,20,2008-05-29
1,35,1,20,14,20,2008-05-29
1,35,2,20,8,20,2008-05-29
1,35,3,20,9,20,2008-05-29
1,35,4,20,12,20,2008-05-29
1,35,1,40,17,21,2008-05-29
1,35,2,40,15,20,2008-05-29
1,35,3,40,19,20,2008-05-29
1,35,4,40,19,21,2008-05-29
1,36,1,-40,4,20,2008-05-30
1,36,2,-40,2,20,2008-05-30
1,36,3,-40,3,20,2008-05-30
1,36,4,-40,0,20,2008-05-30
1,36,1,-20,2,20,2008-05-30
1,36,2,-20,1,21,2008-05-30
1,36,3,-20,8,20,2008-05-30
1,36,4,-20,3,20,2008-05-30
1,36,1,0,5,20,2008-05-30
1,36,2,0,8,20,2008-05-30
1,36,3,0,3,20,2008-05-30
1,36,4,0,10,21,2008-05-30
1,36,1,20,35,41,2008-05-30
1,36,2,20,10,20,2008-05-30
1,36,3,20,16,21,2008-05-30
1,36,4,20,17,20,2008-05-30
1,36,1,40,30,33,2008-05-30
1,36,2,40,17,20,2008-05-30
1,36,3,40,18,20,2008-05-30
1,36,4,40,19,20,2008-05-30
1,37,1,-40,9,41,2008-05-31
1,37,2,-40,7,40,2008-05-31
1,37,3,-40,3,40,2008-05-31
1,37,4,-40,1,40,2008-05-31
1,37,1,-20,5,41,2008-05-31
1,37,2,-20,8,40,2008-05-31
1,37,3,-20,12,41,2008-05-31
1,37,4,-20,9,40,2008-05-31
1,37,1,0,14,40,2008-05-31
1,37,2,0,21,41,2008-05-31
1,37,3,0,18,41,2008-05-31
1,37,4,0,21,41,2008-05-31
1,37,1,20,33,40,2008-05-31
1,37,2,20,22,40,2008-05-31
1,37,3,20,36,40,2008-05-31
1,37,4,20,24,41,2008-05-31
1,37,1,40,39,40,2008-05-31
1,37,2,40,34,41,2008-05-31
1,37,3,40,38,40,2008-05-31
1,37,4,40,29,40,2008-05-31
1,38,1,-40,3,40,2008-06-01
1,38,2,-40,4,40,2008-06-01
1,38,3,-40,5,41,2008-06-01
1,38,4,-40,17,41,2008-06-01
1,38,1,-20,13,40,2008-06-01
1,38,2,-20,10,41,2008-06-01
1,38,3,-20,12,40,2008-06-01
1,38,4,-20,11,40,2008-06-01
1,38,1,0,18,40,2008-06-01
1,38,2,0,25,41,2008-06-01
1,38,3,0,18,40,2008-06-01
1,38,4,0,15,41,2008-06-01
1,38,1,20,33,41,2008-06-01
1,38,2,20,29,40,2008-06-01
1,38,3,20,32,40,2008-06-01
1,38,4,20,31,40,2008-06-01
1,38,1,40,36,41,2008-06-01
1,38,2,40,35,40,2008-06-01
1,38,3,40,37,41,2008-06-01
1,38,4,40,37,40,2008-06-01
1,39,1,-40,5,40,2008-06-04
1,39,2,-40,2,40,2008-06-04
1,39,3,-40,1,41,2008-06-04
1,39,4,-40,4,40,2008-06-04
1,39,1,-20,11,41,2008-06-04
1,39,2,-20,11,41,2008-06-04
1,39,3,-20,9,41,2008-06-04
1,39,4,-20,7,40,2008-06-04
1,39,1,0,16,40,2008-06-04
1,39,2,0,17,41,2008-06-04
1,39,3,0,25,40,2008-06-04
1,39,4,0,19,40,2008-06-04
1,39,1,20,29,40,2008-06-04
1,39,2,20,29,40,2008-06-04
1,39,3,20,28,40,2008-06-04
1,39,4,20,34,41,2008-06-04
1,39,1,40,40,41,2008-06-04
1,39,2,40,37,40,2008-06-04
1,39,3,40,37,40,2008-06-04
1,39,4,40,34,41,2008-06-04
1,40,1,-40,1,40,2008-06-05
1,40,2,-40,2,41,2008-06-05
1,40,3,-40,1,40,2008-06-05
1,40,4,-40,3,40,2008-06-05
1,40,1,-20,15,41,2008-06-05
1,40,2,-20,4,40,2008-06-05
1,40,3,-20,4,40,2008-06-05
1,40,4,-20,10,41,2008-06-05
1,40,1,0,17,41,2008-06-05
1,40,2,0,20,40,2008-06-05
1,40,3,0,19,41,2008-06-05
1,40,4,0,14,40,2008-06-05
1,40,1,20,30,40,2008-06-05
1,40,2,20,25,40,2008-06-05
1,40,3,20,32,41,2008-06-05
1,40,4,20,30,41,2008-06-05
1,40,1,40,33,40,2008-06-05
1,40,2,40,33,41,2008-06-05
1,40,3,40,37,40,2008-06-05
1,40,4,40,38,40,2008-06-05
1,41,1,-40,12,40,2008-06-06
1,41,2,-40,14,41,2008-06-06
1,41,3,-40,2,40,2008-06-06
1,41,4,-40,1,41,2008-06-06
1,41,1,-20,3,40,2008-06-06
1,41,2,-20,8,40,2008-06-06
1,41,3,-20,17,40,2008-06-06
1,41,4,-20,12,41,2008-06-06
1,41,1,0,17,40,2008-06-06
1,41,2,0,13,40,2008-06-06
1,41,3,0,13,41,2008-06-06
1,41,4,0,23,40,2008-06-06
1,41,1,20,26,42,2008-06-06
1,41,2,20,31,40,2008-06-06
1,41,3,20,27,40,2008-06-06
1,41,4,20,33,40,2008-06-06
1,41,1,40,32,40,2008-06-06
1,41,2,40,30,41,2008-06-06
1,41,3,40,26,41,2008-06-06
1,41,4,40,40,40,2008-06-06
1,42,1,-40,3,40,2008-06-09
1,42,2,-40,5,40,2008-06-09
1,42,3,-40,9,40,2008-06-09
1,42,4,-40,4,41,2008-06-09
1,42,1,-20,8,41,2008-06-09
1,42,2,-20,6,40,2008-06-09
1,42,3,-20,8,40,2008-06-09
1,42,4,-20,9,40,2008-06-09
1,42,1,0,19,41,2008-06-09
1,42,2,0,26,40,2008-06-09
1,42,3,0,24,40,2008-06-09
1,42,4,0,13,40,2008-06-09
1,42,1,20,29,40,2008-06-09
1,42,2,20,35,42,2008-06-09
1,42,3,20,33,41,2008-06-09
1,42,4,20,30,41,2008-06-09
1,42,1,40,36,40,2008-06-09
1,42,2,40,37,40,2008-06-09
1,42,3,40,37,41,2008-06-09
1,42,4,40,33,40,2008-06-09
1,43,1,-40,1,40,2008-06-11
1,43,2,-40,3,41,2008-06-11
1,43,3,-40,3,40,2008-06-11
1,43,4,-40,1,40,2008-06-11
1,43,1,-20,7,42,2008-06-11
1,43,2,-20,10,40,2008-06-11
1,43,3,-20,3,42,2008-06-11
1,43,4,-20,7,40,2008-06-11
1,43,1,0,20,40,2008-06-11
1,43,2,0,26,41,2008-06-11
1,43,3,0,22,40,2008-06-11
1,43,4,0,17,40,2008-06-11
1,43,1,20,25,40,2008-06-11
1,43,2,20,37,40,2008-06-11
1,43,3,20,36,40,2008-06-11
1,43,4,20,28,41,2008-06-11
1,43,1,40,35,40,2008-06-11
1,43,2,40,37,40,2008-06-11
1,43,3,40,40,40,2008-06-11
1,43,4,40,38,41,2008-06-11
1,44,1,-40,1,40,2008-06-12
1,44,2,-40,2,40,2008-06-12
1,44,3,-40,2,40,2008-06-12
1,44,4,-40,3,40,2008-06-12
1,44,1,-20,2,41,2008-06-12
1,44,2,-20,4,41,2008-06-12
1,44,3,-20,6,42,2008-06-12
1,44,4,-20,7,40,2008-06-12
1,44,1,0,15,40,2008-06-12
1,44,2,0,20,40,2008-06-12
1,44,3,0,25,40,2008-06-12
1,44,4,0,13,40,2008-06-12
1,44,1,20,35,40,2008-06-12
1,44,2,20,31,41,2008-06-12
1,44,3,20,37,40,2008-06-12
1,44,4,20,31,41,2008-06-12
1,44,1,40,36,41,2008-06-12
1,44,2,40,37,40,2008-06-12
1,44,3,40,35,40,2008-06-12
1,44,4,40,38,41,2008-06-12
1,45,1,-20,0,12,2007-09-20
1,45,2,-20,48,48,2007-09-20
1,45,3,-20,12,25,2007-09-20
1,45,4,-20,11,12,2007-09-20
1,45,1,-10,0,0,2007-09-20
1,45,2,-10,12,12,2007-09-20
1,45,3,-10,0,12,2007-09-20
1,45,4,-10,0,0,2007-09-20
1,45,1,0,5,12,2007-09-20
1,45,2,0,46,58,2007-09-20
1,45,3,0,24,48,2007-09-20
1,45,4,0,11,27,2007-09-20
1,45,1,10,26,36,2007-09-20
1,45,2,10,0,0,2007-09-20
1,45,3,10,11,12,2007-09-20
1,45,4,10,0,0,2007-09-20
1,45,1,20,10,36,2007-09-20
1,45,2,20,12,36,2007-09-20
1,45,3,20,12,36,2007-09-20
1,45,4,20,28,60,2007-09-20
1,46,1,-20,9,12,2007-09-22
1,46,2,-20,0,1,2007-09-22
1,46,3,-20,15,48,2007-09-22
1,46,4,-20,14,24,2007-09-22
1,46,1,-10,9,24,2007-09-22
1,46,2,-10,1,24,2007-09-22
1,46,3,-10,2,12,2007-09-22
1,46,4,-10,0,12,2007-09-22
1,46,1,0,25,60,2007-09-22
1,46,2,0,12,12,2007-09-22
1,46,3,0,10,24,2007-09-22
1,46,4,0,5,24,2007-09-22
1,46,1,10,12,24,2007-09-22
1,46,2,10,24,36,2007-09-22
1,46,3,10,11,12,2007-09-22
1,46,4,10,39,60,2007-09-22
1,46,1,20,0,0,2007-09-22
1,46,2,20,24,49,2007-09-22
1,46,3,20,11,24,2007-09-22
1,46,4,20,0,0,2007-09-22
1,47,1,-20,0,0,2007-09-23
1,47,2,-20,16,24,2007-09-23
1,47,3,-20,33,37,2007-09-23
1,47,4,-20,11,24,2007-09-23
1,47,1,-10,20,36,2007-09-23
1,47,2,-10,6,12,2007-09-23
1,47,3,-10,19,24,2007-09-23
1,47,4,-10,32,48,2007-09-23
1,47,1,0,22,24,2007-09-23
1,47,2,0,11,12,2007-09-23
1,47,3,0,7,12,2007-09-23
1,47,4,0,16,24,2007-09-23
1,47,1,10,21,24,2007-09-23
1,47,2,10,29,36,2007-09-23
1,47,3,10,23,24,2007-09-23
1,47,4,10,0,0,2007-09-23
1,47,1,20,30,36,2007-09-23
1,47,2,20,25,36,2007-09-23
1,47,3,20,21,24,2007-09-23
1,47,4,20,23,24,2007-09-23
1,48,1,-20,33,36,2007-09-26
1,48,2,-20,18,24,2007-09-26
1,48,3,-20,11,12,2007-09-26
1,48,4,-20,20,24,2007-09-26
1,48,1,-10,8,12,2007-09-26
1,48,2,-10,10,12,2007-09-26
1,48,3,-10,12,12,2007-09-26
1,48,4,-10,0,0,2007-09-26
1,48,1,0,53,60,2007-09-26
1,48,2,0,22,36,2007-09-26
1,48,3,0,24,24,2007-09-26
1,48,4,0,31,36,2007-09-26
1,48,1,10,0,0,2007-09-26
1,48,2,10,30,36,2007-09-26
1,48,3,10,35,36,2007-09-26
1,48,4,10,44,48,2007-09-26
1,48,1,20,12,13,2007-09-26
1,48,2,20,12,12,2007-09-26
1,48,3,20,36,36,2007-09-26
1,48,4,20,12,12,2007-09-26
2,49,1,-40,0,20,2009-03-06
2,49,2,-40,9,20,2009-03-06
2,49,3,-40,3,20,2009-03-06
2,49,4,-40,1,20,2009-03-06
2,49,1,-20,7,20,2009-03-06
2,49,2,-20,6,20,2009-03-06
2,49,3,-20,3,20,2009-03-06
2,49,4,-20,3,20,2009-03-06
2,49,1,0,9,20,2009-03-06
2,49,2,0,19,20,2009-03-06
2,49,3,0,12,20,2009-03-06
2,49,4,0,17,21,2009-03-06
2,49,1,20,18,20,2009-03-06
2,49,2,20,20,21,2009-03-06
2,49,3,20,19,20,2009-03-06
2,49,4,20,15,20,2009-03-06
2,49,1,40,18,20,2009-03-06
2,49,2,40,18,20,2009-03-06
2,49,3,40,17,20,2009-03-06
2,49,4,40,20,20,2009-03-06
2,50,1,-40,0,20,2009-03-13
2,50,2,-40,0,20,2009-03-13
2,50,3,-40,0,21,2009-03-13
2,50,4,-40,2,20,2009-03-13
2,50,1,0,7,20,2009-03-13
2,50,2,0,11,20,2009-03-13
2,50,3,0,14,20,2009-03-13
2,50,4,0,12,20,2009-03-13
2,50,1,40,17,20,2009-03-13
2,50,2,40,20,20,2009-03-13
2,50,3,40,19,20,2009-03-13
2,50,4,40,19,20,2009-03-13
2,51,1,-40,0,20,2009-03-13
2,51,2,-40,0,20,2009-03-13
2,51,3,-40,2,20,2009-03-13
2,51,4,-40,0,21,2009-03-13
2,51,1,0,8,20,2009-03-13
2,51,2,0,6,20,2009-03-13
2,51,3,0,2,20,2009-03-13
2,51,4,0,8,20,2009-03-13
2,51,1,40,18,20,2009-03-13
2,51,2,40,20,20,2009-03-13
2,51,3,40,18,20,2009-03-13
2,51,4,40,20,20,2009-03-13
2,52,1,-40,0,20,2009-03-19
2,52,2,-40,0,20,2009-03-19
2,52,3,-40,0,20,2009-03-19
2,52,4,-40,0,21,2009-03-19
2,52,1,-20,2,20,2009-03-19
2,52,2,-20,3,20,2009-03-19
2,52,3,-20,1,20,2009-03-19
2,52,4,-20,0,20,2009-03-19
2,52,1,0,4,20,2009-03-19
2,52,2,0,12,20,2009-03-19
2,52,3,0,6,20,2009-03-19
2,52,4,0,9,20,2009-03-19
2,52,1,20,16,20,2009-03-19
2,52,2,20,17,20,2009-03-19
2,52,3,20,19,20,2009-03-19
2,52,4,20,16,20,2009-03-19
2,52,1,40,20,20,2009-03-19
2,52,2,40,16,20,2009-03-19
2,52,3,40,18,20,2009-03-19
2,52,4,40,19,20,2009-03-19
2,53,1,-40,0,20,2009-03-20
2,53,2,-40,0,20,2009-03-20
2,53,3,-40,0,20,2009-03-20
2,53,4,-40,1,20,2009-03-20
2,53,1,0,17,20,2009-03-20
2,53,2,0,12,20,2009-03-20
2,53,3,0,16,21,2009-03-20
2,53,4,0,14,20,2009-03-20
2,53,1,40,20,20,2009-03-20
2,53,2,40,18,20,2009-03-20
2,53,3,40,19,20,2009-03-20
2,53,4,40,17,20,2009-03-20
2,54,1,-40,0,20,2009-05-05
2,54,2,-40,0,21,2009-05-05
2,54,3,-40,0,20,2009-05-05
2,54,4,-40,1,20,2009-05-05
2,54,1,0,9,20,2009-05-05
2,54,2,0,6,20,2009-05-05
2,54,3,0,13,20,2009-05-05
2,54,4,0,11,20,2009-05-05
2,54,1,40,20,20,2009-05-05
2,54,2,40,19,20,2009-05-05
2,54,3,40,17,20,2009-05-05
2,54,4,40,20,20,2009-05-05
2,55,1,-40,0,20,2009-05-06
2,55,2,-40,0,20,2009-05-06
2,55,3,-40,0,20,2009-05-06
2,55,4,-40,1,21,2009-05-06
2,55,1,0,4,20,2009-05-06
2,55,2,0,9,20,2009-05-06
2,55,3,0,9,20,2009-05-06
2,55,4,0,0,20,2009-05-06
2,55,1,40,19,20,2009-05-06
2,55,2,40,19,20,2009-05-06
2,55,3,40,18,20,2009-05-06
2,55,4,40,18,20,2009-05-06
2,56,1,-40,1,20,2009-05-08
2,56,2,-40,1,20,2009-05-08
2,56,3,-40,0,20,2009-05-08
2,56,4,-40,0,20,2009-05-08
2,56,1,0,16,20,2009-05-08
2,56,2,0,12,20,2009-05-08
2,56,3,0,8,20,2009-05-08
2,56,4,0,16,21,2009-05-08
2,56,1,40,20,20,2009-05-08
2,56,2,40,19,20,2009-05-08
2,56,3,40,19,20,2009-05-08
2,56,4,40,19,20,2009-05-08
2,57,1,-40,0,20,2009-05-05
2,57,2,-40,2,20,2009-05-05
2,57,3,-40,2,20,2009-05-05
2,57,4,-40,0,20,2009-05-05
2,57,1,0,5,20,2009-05-05
2,57,2,0,12,20,2009-05-05
2,57,3,0,6,20,2009-05-05
2,57,4,0,9,20,2009-05-05
2,57,1,40,17,20,2009-05-05
2,57,2,40,18,21,2009-05-05
2,57,3,40,17,20,2009-05-05
2,57,4,40,19,20,2009-05-05
2,58,1,-40,2,20,2009-05-06
2,58,2,-40,1,20,2009-05-06
2,58,3,-40,0,20,2009-05-06
2,58,4,-40,0,20,2009-05-06
2,58,1,0,18,20,2009-05-06
2,58,2,0,4,20,2009-05-06
2,58,3,0,17,20,2009-05-06
2,58,4,0,15,20,2009-05-06
2,58,1,40,19,20,2009-05-06
2,58,2,40,19,21,2009-05-06
2,58,3,40,20,20,2009-05-06
2,58,4,40,19,20,2009-05-06
2,59,1,-40,13,40,2008-07-18
2,59,2,-40,6,40,2008-07-18
2,59,3,-40,5,66,2008-07-18
2,59,4,-40,2,41,2008-07-18
2,59,1,-20,9,41,2008-07-18
2,59,2,-20,1,40,2008-07-18
2,59,3,-20,21,60,2008-07-18
2,59,4,-20,10,41,2008-07-18
2,59,1,0,25,40,2008-07-18
2,59,2,0,26,41,2008-07-18
2,59,3,0,13,40,2008-07-18
2,59,4,0,14,40,2008-07-18
2,59,1,20,24,41,2008-07-18
2,59,2,20,26,41,2008-07-18
2,59,3,20,27,41,2008-07-18
2,59,4,20,37,40,2008-07-18
2,59,1,40,36,40,2008-07-18
2,59,2,40,26,40,2008-07-18
2,59,3,40,45,54,2008-07-18
2,59,4,40,30,40,2008-07-18
2,60,1,-40,0,20,2008-07-21
2,60,2,-40,1,20,2008-07-21
2,60,3,-40,4,40,2008-07-21
2,60,4,-40,2,20,2008-07-21
2,60,1,-20,21,41,2008-07-21
2,60,2,-20,2,20,2008-07-21
2,60,3,-20,18,40,2008-07-21
2,60,4,-20,3,20,2008-07-21
2,60,1,0,15,40,2008-07-21
2,60,2,0,20,20,2008-07-21
2,60,3,0,17,41,2008-07-21
2,60,4,0,6,20,2008-07-21
2,60,1,20,35,40,2008-07-21
2,60,2,20,11,20,2008-07-21
2,60,3,20,33,41,2008-07-21
2,60,4,20,17,20,2008-07-21
2,60,1,40,18,31,2008-07-21
2,60,2,40,16,21,2008-07-21
2,60,3,40,35,40,2008-07-21
2,60,4,40,17,22,2008-07-21
3,61,2,-30,0,21,2007-05-09
3,61,3,-30,0,0,2007-05-09
3,61,2,0,2,16,2007-05-09
3,61,3,0,0,0,2007-05-09
3,61,2,30,2,22,2007-05-09
3,61,3,30,1,6,2007-05-09
3,62,1,-40,2,25,2007-05-10
3,62,2,-40,0,13,2007-05-10
3,62,3,-40,0,0,2007-05-10
3,62,4,-40,0,21,2007-05-10
3,62,1,0,1,11,2007-05-10
3,62,2,0,1,26,2007-05-10
3,62,3,0,0,0,2007-05-10
3,62,4,0,2,8,2007-05-10
3,62,1,40,2,13,2007-05-10
3,62,2,40,0,5,2007-05-10
3,62,3,40,0,10,2007-05-10
3,62,4,40,0,12,2007-05-10
3,63,1,-40,2,4,2007-05-15
3,63,2,-40,1,38,2007-05-15
3,63,3,-40,0,26,2007-05-15
3,63,4,-40,0,14,2007-05-15
3,63,1,0,1,9,2007-05-15
3,63,2,0,1,41,2007-05-15
3,63,3,0,0,23,2007-05-15
3,63,4,0,0,17,2007-05-15
3,63,1,40,4,17,2007-05-15
3,63,2,40,7,47,2007-05-15
3,63,3,40,6,23,2007-05-15
3,63,4,40,1,19,2007-05-15
3,64,3,-125,0,0,2007-05-16
3,64,4,-125,0,10,2007-05-16
3,64,3,-40,0,0,2007-05-16
3,64,4,-40,0,15,2007-05-16
3,64,3,0,0,5,2007-05-16
3,64,4,0,0,6,2007-05-16
3,64,3,40,0,0,2007-05-16
3,64,4,40,0,13,2007-05-16
3,65,1,-40,0,22,2007-05-22
3,65,2,-40,0,31,2007-05-22
3,65,3,-40,0,19,2007-05-22
3,65,4,-40,0,9,2007-05-22
3,65,1,0,0,28,2007-05-22
3,65,2,0,0,38,2007-05-22
3,65,3,0,0,21,2007-05-22
3,65,4,0,0,19,2007-05-22
3,65,1,40,0,31,2007-05-22
3,65,2,40,0,28,2007-05-22
3,65,3,40,0,18,2007-05-22
3,65,4,40,0,12,2007-05-22
3,66,1,-50,0,0,2007-05-23
3,66,2,-50,0,0,2007-05-23
3,66,3,-50,0,0,2007-05-23
3,66,4,-50,3,15,2007-05-23
3,66,1,-40,0,0,2007-05-23
3,66,2,-40,1,16,2007-05-23
3,66,3,-40,0,22,2007-05-23
3,66,4,-40,0,0,2007-05-23
3,66,1,0,0,1,2007-05-23
3,66,2,0,10,32,2007-05-23
3,66,3,0,0,14,2007-05-23
3,66,4,0,0,20,2007-05-23
3,66,1,40,0,0,2007-05-23
3,66,2,40,3,24,2007-05-23
3,66,3,40,0,20,2007-05-23
3,66,4,40,0,0,2007-05-23
3,66,1,50,0,0,2007-05-23
3,66,2,50,0,0,2007-05-23
3,66,3,50,0,0,2007-05-23
3,66,4,50,16,28,2007-05-23
3,66,1,80,0,0,2007-05-23
3,66,2,80,10,22,2007-05-23
3,66,3,80,0,0,2007-05-23
3,66,4,80,0,0,2007-05-23
3,67,1,-50,0,20,2007-05-29
3,67,2,-50,0,25,2007-05-29
3,67,3,-50,5,23,2007-05-29
3,67,1,0,2,17,2007-05-29
3,67,2,0,2,17,2007-05-29
3,67,3,0,2,16,2007-05-29
3,67,1,50,9,18,2007-05-29
3,67,2,50,0,1,2007-05-29
3,67,3,50,3,14,2007-05-29
3,68,1,-50,0,0,2007-05-30
3,68,2,-50,3,21,2007-05-30
3,68,3,-50,4,14,2007-05-30
3,68,4,-50,0,25,2007-05-30
3,68,1,0,10,13,2007-05-30
3,68,2,0,0,19,2007-05-30
3,68,3,0,2,18,2007-05-30
3,68,4,0,0,21,2007-05-30
3,68,1,50,4,19,2007-05-30
3,68,2,50,12,25,2007-05-30
3,68,3,50,5,9,2007-05-30
3,68,4,50,7,23,2007-05-30
3,69,2,-40,8,17,2007-07-11
3,69,3,-40,5,10,2007-07-11
3,69,4,-40,2,12,2007-07-11
3,69,2,0,21,26,2007-07-11
3,69,3,0,10,18,2007-07-11
3,69,4,0,13,22,2007-07-11
3,69,2,40,7,14,2007-07-11
3,69,3,40,9,13,2007-07-11
3,69,4,40,6,9,2007-07-11
3,70,1,-40,11,25,2007-07-12
3,70,2,-40,5,26,2007-07-12
3,70,3,-40,4,20,2007-07-12
3,70,4,-40,2,22,2007-07-12
3,70,1,-30,0,0,2007-07-12
3,70,2,-30,0,0,2007-07-12
3,70,3,-30,0,0,2007-07-12
3,70,4,-30,11,34,2007-07-12
3,70,1,0,5,13,2007-07-12
3,70,2,0,29,44,2007-07-12
3,70,3,0,5,21,2007-07-12
3,70,4,0,18,57,2007-07-12
3,70,1,40,17,27,2007-07-12
3,70,2,40,30,44,2007-07-12
3,70,3,40,10,15,2007-07-12
3,70,4,40,40,43,2007-07-12
3,71,1,-40,6,6,2007-07-13
3,71,2,-40,9,57,2007-07-13
3,71,3,-40,7,49,2007-07-13
3,71,4,-40,8,54,2007-07-13
3,71,1,0,13,17,2007-07-13
3,71,2,0,31,59,2007-07-13
3,71,3,0,32,41,2007-07-13
3,71,4,0,22,35,2007-07-13
3,71,1,40,8,8,2007-07-13
3,71,2,40,32,51,2007-07-13
3,71,3,40,36,39,2007-07-13
3,71,4,40,36,43,2007-07-13
3,72,1,-40,0,0,2007-07-19
3,72,2,-40,0,19,2007-07-19
3,72,3,-40,4,26,2007-07-19
3,72,4,-40,4,23,2007-07-19
3,72,1,0,1,3,2007-07-19
3,72,2,0,0,24,2007-07-19
3,72,3,0,0,19,2007-07-19
3,72,4,0,5,19,2007-07-19
3,72,1,40,0,0,2007-07-19
3,72,2,40,15,30,2007-07-19
3,72,3,40,17,20,2007-07-19
3,72,4,40,20,23,2007-07-19
3,73,2,-40,1,24,2007-07-20
3,73,3,-40,3,27,2007-07-20
3,73,4,-40,9,20,2007-07-20
3,73,2,0,17,29,2007-07-20
3,73,3,0,10,15,2007-07-20
3,73,4,0,11,19,2007-07-20
3,73,2,40,8,19,2007-07-20
3,73,3,40,12,22,2007-07-20
3,73,4,40,19,22,2007-07-20
3,74,1,-40,0,22,2007-07-24
3,74,2,-40,0,23,2007-07-24
3,74,3,-40,5,24,2007-07-24
3,74,4,-40,6,24,2007-07-24
3,74,1,0,2,10,2007-07-24
3,74,2,0,5,15,2007-07-24
3,74,3,0,10,22,2007-07-24
3,74,4,0,0,22,2007-07-24
3,74,1,40,10,19,2007-07-24
3,74,2,40,15,19,2007-07-24
3,74,3,40,15,24,2007-07-24
3,74,4,40,13,22,2007-07-24
3,75,1,-40,3,18,2007-07-27
3,75,2,-40,4,31,2007-07-27
3,75,3,-40,3,30,2007-07-27
3,75,4,-40,2,23,2007-07-27
3,75,1,0,0,8,2007-07-27
3,75,2,0,6,26,2007-07-27
3,75,3,0,13,27,2007-07-27
3,75,4,0,7,32,2007-07-27
3,75,1,40,16,25,2007-07-27
3,75,2,40,17,19,2007-07-27
3,75,3,40,15,22,2007-07-27
3,75,4,40,14,27,2007-07-27
3,76,1,-40,0,12,2007-08-07
3,76,2,-40,0,14,2007-08-07
3,76,3,-40,1,19,2007-08-07
3,76,4,-40,1,28,2007-08-07
3,76,1,0,8,21,2007-08-07
3,76,2,0,12,22,2007-08-07
3,76,3,0,7,25,2007-08-07
3,76,4,0,1,28,2007-08-07
3,76,1,40,0,0,2007-08-07
3,76,2,40,7,17,2007-08-07
3,76,3,40,4,8,2007-08-07
3,76,4,40,0,0,2007-08-07
3,77,1,-40,4,42,2007-11-15
3,77,2,-40,17,52,2007-11-15
3,77,3,-40,3,47,2007-11-15
3,77,4,-40,3,55,2007-11-15
3,77,1,-20,0,0,2007-11-15
3,77,2,-20,0,0,2007-11-15
3,77,3,-20,0,0,2007-11-15
3,77,4,-20,0,1,2007-11-15
3,77,1,0,13,35,2007-11-15
3,77,2,0,31,59,2007-11-15
3,77,3,0,8,32,2007-11-15
3,77,4,0,11,36,2007-11-15
3,77,1,40,37,47,2007-11-15
3,77,2,40,23,48,2007-11-15
3,77,3,40,33,43,2007-11-15
3,77,4,40,25,38,2007-11-15
3,78,2,-40,9,20,2007-11-21
3,78,3,-40,6,21,2007-11-21
3,78,4,-40,0,0,2007-11-21
3,78,2,0,7,22,2007-11-21
3,78,3,0,18,23,2007-11-21
3,78,4,0,2,6,2007-11-21
3,78,2,40,20,25,2007-11-21
3,78,3,40,11,16,2007-11-21
3,78,4,40,0,0,2007-11-21
3,79,2,-40,7,31,2007-11-22
3,79,3,-40,0,0,2007-11-22
3,79,4,-40,1,23,2007-11-22
3,79,2,0,7,21,2007-11-22
3,79,3,0,0,0,2007-11-22
3,79,4,0,25,30,2007-11-22
3,79,2,40,21,25,2007-11-22
3,79,3,40,23,23,2007-11-22
3,79,4,40,17,24,2007-11-22
3,80,1,-125,0,0,2007-11-23
3,80,2,-125,0,0,2007-11-23
3,80,3,-125,0,0,2007-11-23
3,80,4,-125,0,8,2007-11-23
3,80,1,-40,4,19,2007-11-23
3,80,2,-40,0,56,2007-11-23
3,80,3,-40,8,41,2007-11-23
3,80,4,-40,1,31,2007-11-23
3,80,1,0,19,25,2007-11-23
3,80,2,0,12,45,2007-11-23
3,80,3,0,24,57,2007-11-23
3,80,4,0,11,34,2007-11-23
3,80,1,40,12,21,2007-11-23
3,80,2,40,18,37,2007-11-23
3,80,3,40,31,50,2007-11-23
3,80,4,40,19,37,2007-11-23
3,81,1,-40,1,29,2007-11-28
3,81,2,-40,4,50,2007-11-28
3,81,3,-40,3,25,2007-11-28
3,81,4,-40,0,20,2007-11-28
3,81,1,0,10,22,2007-11-28
3,81,2,0,11,59,2007-11-28
3,81,3,0,4,16,2007-11-28
3,81,4,0,6,32,2007-11-28
3,81,1,20,0,0,2007-11-28
3,81,2,20,0,0,2007-11-28
3,81,3,20,1,1,2007-11-28
3,81,4,20,0,0,2007-11-28
3,81,1,40,18,26,2007-11-28
3,81,2,40,21,44,2007-11-28
3,81,3,40,40,61,2007-11-28
3,81,4,40,14,24,2007-11-28
3,82,1,-40,0,27,2007-11-30
3,82,2,-40,2,22,2007-11-30
3,82,3,-40,1,29,2007-11-30
3,82,4,-40,2,32,2007-11-30
3,82,1,-20,0,0,2007-11-30
3,82,2,-20,0,0,2007-11-30
3,82,3,-20,0,1,2007-11-30
3,82,4,-20,0,0,2007-11-30
3,82,1,0,0,20,2007-11-30
3,82,2,0,2,22,2007-11-30
3,82,3,0,4,26,2007-11-30
3,82,4,0,3,22,2007-11-30
3,82,1,20,0,0,2007-11-30
3,82,2,20,0,1,2007-11-30
3,82,3,20,0,0,2007-11-30
3,82,4,20,0,0,2007-11-30
3,82,1,40,27,31,2007-11-30
3,82,2,40,20,22,2007-11-30
3,82,3,40,29,29,2007-11-30
3,82,4,40,27,28,2007-11-30
3,83,1,-40,0,20,2007-12-04
3,83,2,-40,0,36,2007-12-04
3,83,3,-40,0,23,2007-12-04
3,83,4,-40,1,30,2007-12-04
3,83,1,0,4,28,2007-12-04
3,83,2,0,4,35,2007-12-04
3,83,3,0,0,22,2007-12-04
3,83,4,0,5,36,2007-12-04
3,83,1,40,21,22,2007-12-04
3,83,2,40,27,33,2007-12-04
3,83,3,40,27,36,2007-12-04
3,83,4,40,22,27,2007-12-04
3,84,1,-40,0,21,2007-12-05
3,84,2,-40,1,46,2007-12-05
3,84,3,-40,3,30,2007-12-05
3,84,4,-40,10,48,2007-12-05
3,84,1,0,0,26,2007-12-05
3,84,2,0,6,47,2007-12-05
3,84,3,0,0,20,2007-12-05
3,84,4,0,8,45,2007-12-05
3,84,1,20,0,0,2007-12-05
3,84,2,20,0,1,2007-12-05
3,84,3,20,0,0,2007-12-05
3,84,4,20,0,0,2007-12-05
3,84,1,40,15,15,2007-12-05
3,84,2,40,29,44,2007-12-05
3,84,3,40,16,20,2007-12-05
3,84,4,40,36,41,2007-12-05
3,85,1,-50,1,30,2007-12-06
3,85,2,-50,0,6,2007-12-06
3,85,3,-50,0,34,2007-12-06
3,85,4,-50,0,32,2007-12-06
3,85,1,-40,0,0,2007-12-06
3,85,2,-40,0,21,2007-12-06
3,85,3,-40,0,0,2007-12-06
3,85,4,-40,0,0,2007-12-06
3,85,1,-25,0,0,2007-12-06
3,85,2,-25,0,0,2007-12-06
3,85,3,-25,0,2,2007-12-06
3,85,4,-25,0,0,2007-12-06
3,85,1,0,1,34,2007-12-06
3,85,2,0,0,36,2007-12-06
3,85,3,0,1,28,2007-12-06
3,85,4,0,2,38,2007-12-06
3,85,1,20,0,0,2007-12-06
3,85,2,20,0,1,2007-12-06
3,85,3,20,0,0,2007-12-06
3,85,4,20,0,0,2007-12-06
3,85,1,25,0,0,2007-12-06
3,85,2,25,0,0,2007-12-06
3,85,3,25,0,1,2007-12-06
3,85,4,25,0,0,2007-12-06
3,85,1,40,0,0,2007-12-06
3,85,2,40,0,34,2007-12-06
3,85,3,40,0,0,2007-12-06
3,85,4,40,0,0,2007-12-06
3,85,1,50,16,38,2007-12-06
3,85,2,50,2,13,2007-12-06
3,85,3,50,10,39,2007-12-06
3,85,4,50,14,36,2007-12-06
3,86,1,-70,0,17,2007-12-07
3,86,2,-70,0,21,2007-12-07
3,86,3,-70,1,11,2007-12-07
3,86,4,-70,0,20,2007-12-07
3,86,1,-50,0,17,2007-12-07
3,86,2,-50,3,33,2007-12-07
3,86,3,-50,0,27,2007-12-07
3,86,4,-50,0,16,2007-12-07
3,86,1,0,2,24,2007-12-07
3,86,2,0,4,42,2007-12-07
3,86,3,0,10,47,2007-12-07
3,86,4,0,2,37,2007-12-07
3,86,1,50,11,16,2007-12-07
3,86,2,50,19,22,2007-12-07
3,86,3,50,11,22,2007-12-07
3,86,4,50,7,24,2007-12-07
3,86,1,70,15,20,2007-12-07
3,86,2,70,9,11,2007-12-07
3,86,3,70,10,15,2007-12-07
3,86,4,70,10,15,2007-12-07
3,86,1,100,0,0,2007-12-07
3,86,2,100,0,0,2007-12-07
3,86,3,100,0,0,2007-12-07
3,86,4,100,1,1,2007-12-07
3,87,1,-50,0,24,2007-12-11
3,87,2,-50,0,25,2007-12-11
3,87,3,-50,0,24,2007-12-11
3,87,4,-50,2,29,2007-12-11
3,87,1,-40,0,0,2007-12-11
3,87,2,-40,2,16,2007-12-11
3,87,3,-40,0,0,2007-12-11
3,87,4,-40,0,20,2007-12-11
3,87,1,0,10,20,2007-12-11
3,87,2,0,4,41,2007-12-11
3,87,3,0,6,24,2007-12-11
3,87,4,0,10,48,2007-12-11
3,87,1,40,0,0,2007-12-11
3,87,2,40,13,29,2007-12-11
3,87,3,40,0,0,2007-12-11
3,87,4,40,16,20,2007-12-11
3,87,1,50,18,26,2007-12-11
3,87,2,50,24,35,2007-12-11
3,87,3,50,18,27,2007-12-11
3,87,4,50,15,22,2007-12-11
3,88,1,-40,0,17,2007-12-12
3,88,2,-40,9,44,2007-12-12
3,88,3,-40,2,30,2007-12-12
3,88,4,-40,1,21,2007-12-12
3,88,1,0,6,23,2007-12-12
3,88,2,0,8,42,2007-12-12
3,88,3,0,12,25,2007-12-12
3,88,4,0,12,26,2007-12-12
3,88,1,40,18,24,2007-12-12
3,88,2,40,18,29,2007-12-12
3,88,3,40,24,26,2007-12-12
3,88,4,40,18,25,2007-12-12
2,89,1,-50,0,0,2008-04-01
2,89,2,-50,0,18,2008-04-01
2,89,3,-50,2,23,2008-04-01
2,89,4,-50,4,22,2008-04-01
2,89,1,0,14,21,2008-04-01
2,89,2,0,22,33,2008-04-01
2,89,3,0,9,26,2008-04-01
2,89,4,0,13,23,2008-04-01
2,89,1,50,4,5,2008-04-01
2,89,2,50,20,22,2008-04-01
2,89,3,50,17,19,2008-04-01
2,89,4,50,19,19,2008-04-01
2,90,1,-50,4,22,2008-04-02
2,90,2,-50,2,20,2008-04-02
2,90,3,-50,0,20,2008-04-02
2,90,4,-50,1,24,2008-04-02
2,90,1,0,6,22,2008-04-02
2,90,2,0,22,26,2008-04-02
2,90,3,0,8,23,2008-04-02
2,90,4,0,9,20,2008-04-02
2,90,1,50,22,23,2008-04-02
2,90,2,50,15,17,2008-04-02
2,90,3,50,22,24,2008-04-02
2,90,4,50,20,21,2008-04-02
2,91,1,-50,0,29,2008-04-04
2,91,2,-50,1,20,2008-04-04
2,91,3,-50,1,21,2008-04-04
2,91,4,-50,1,11,2008-04-04
2,91,1,-30,1,27,2008-04-04
2,91,2,-30,3,21,2008-04-04
2,91,3,-30,1,18,2008-04-04
2,91,4,-30,1,18,2008-04-04
2,91,1,0,15,39,2008-04-04
2,91,2,0,20,47,2008-04-04
2,91,3,0,29,48,2008-04-04
2,91,4,0,13,36,2008-04-04
2,91,1,25,0,0,2008-04-04
2,91,2,25,0,0,2008-04-04
2,91,3,25,0,1,2008-04-04
2,91,4,25,0,0,2008-04-04
2,91,1,30,18,20,2008-04-04
2,91,2,30,20,23,2008-04-04
2,91,3,30,14,21,2008-04-04
2,91,4,30,16,19,2008-04-04
2,91,1,50,14,19,2008-04-04
2,91,2,50,22,23,2008-04-04
2,91,3,50,19,19,2008-04-04
2,91,4,50,23,26,2008-04-04
2,92,1,-40,4,19,2008-04-29
2,92,2,-40,1,23,2008-04-29
2,92,3,-40,1,21,2008-04-29
2,92,1,0,8,23,2008-04-29
2,92,2,0,19,22,2008-04-29
2,92,3,0,13,25,2008-04-29
2,92,1,40,28,32,2008-04-29
2,92,2,40,18,24,2008-04-29
2,92,3,40,18,20,2008-04-29
2,93,1,-40,0,20,2008-04-30
2,93,2,-40,2,41,2008-04-30
2,93,3,-40,4,41,2008-04-30
2,93,4,-40,3,36,2008-04-30
2,93,1,0,10,24,2008-04-30
2,93,2,0,23,53,2008-04-30
2,93,3,0,21,43,2008-04-30
2,93,4,0,10,25,2008-04-30
2,93,1,20,0,1,2008-04-30
2,93,2,20,0,0,2008-04-30
2,93,3,20,0,0,2008-04-30
2,93,4,20,0,0,2008-04-30
2,93,1,40,20,25,2008-04-30
2,93,2,40,32,36,2008-04-30
2,93,3,40,38,41,2008-04-30
2,93,4,40,38,52,2008-04-30
2,94,1,-169,0,0,2008-05-01
2,94,2,-169,0,15,2008-05-01
2,94,3,-169,0,0,2008-05-01
2,94,4,-169,0,0,2008-05-01
2,94,1,-40,2,17,2008-05-01
2,94,2,-40,2,40,2008-05-01
2,94,3,-40,4,32,2008-05-01
2,94,4,-40,2,41,2008-05-01
2,94,1,0,13,28,2008-05-01
2,94,2,0,14,37,2008-05-01
2,94,3,0,26,41,2008-05-01
2,94,4,0,18,40,2008-05-01
2,94,1,40,8,16,2008-05-01
2,94,2,40,38,41,2008-05-01
2,94,3,40,34,44,2008-05-01
2,94,4,40,37,43,2008-05-01
2,95,1,-170,0,0,2008-05-07
2,95,2,-170,0,0,2008-05-07
2,95,3,-170,0,0,2008-05-07
2,95,4,-170,3,32,2008-05-07
2,95,1,-40,0,24,2008-05-07
2,95,2,-40,2,49,2008-05-07
2,95,3,-40,0,27,2008-05-07
2,95,4,-40,0,0,2008-05-07
2,95,1,-20,0,0,2008-05-07
2,95,2,-20,0,1,2008-05-07
2,95,3,-20,0,0,2008-05-07
2,95,4,-20,0,0,2008-05-07
2,95,1,0,10,25,2008-05-07
2,95,2,0,40,67,2008-05-07
2,95,3,0,10,36,2008-05-07
2,95,4,0,22,30,2008-05-07
2,95,1,20,0,1,2008-05-07
2,95,2,20,0,0,2008-05-07
2,95,3,20,0,0,2008-05-07
2,95,4,20,0,0,2008-05-07
2,95,1,40,22,24,2008-05-07
2,95,2,40,19,19,2008-05-07
2,95,3,40,25,25,2008-05-07
2,95,4,40,21,28,2008-05-07
2,96,1,-30,4,28,2008-05-09
2,96,2,-30,4,47,2008-05-09
2,96,3,-30,4,51,2008-05-09
2,96,4,-30,5,43,2008-05-09
2,96,1,0,12,24,2008-05-09
2,96,2,0,22,39,2008-05-09
2,96,3,0,21,45,2008-05-09
2,96,4,0,17,40,2008-05-09
2,96,1,30,27,28,2008-05-09
2,96,2,30,44,48,2008-05-09
2,96,3,30,40,40,2008-05-09
2,96,4,30,24,29,2008-05-09
2,97,1,-50,2,20,2008-06-04
2,97,2,-50,11,40,2008-06-04
2,97,3,-50,0,20,2008-06-04
2,97,4,-50,2,40,2008-06-04
2,97,1,0,15,20,2008-06-04
2,97,2,0,24,40,2008-06-04
2,97,3,0,37,40,2008-06-04
2,97,4,0,25,40,2008-06-04
2,97,1,50,19,20,2008-06-04
2,97,2,50,35,40,2008-06-04
2,97,3,50,35,39,2008-06-04
2,97,4,50,37,40,2008-06-04
2,98,1,-50,2,40,2008-06-11
2,98,2,-50,1,40,2008-06-11
2,98,3,-50,13,40,2008-06-11
2,98,4,-50,3,40,2008-06-11
2,98,1,0,16,40,2008-06-11
2,98,2,0,34,40,2008-06-11
2,98,3,0,18,40,2008-06-11
2,98,4,0,10,40,2008-06-11
2,98,1,50,34,40,2008-06-11
2,98,2,50,38,40,2008-06-11
2,98,3,50,38,40,2008-06-11
2,98,4,50,39,40,2008-06-11
2,99,1,-50,0,20,2008-06-12
2,99,2,-50,1,20,2008-06-12
2,99,3,-50,2,20,2008-06-12
2,99,4,-50,3,20,2008-06-12
2,99,1,0,13,20,2008-06-12
2,99,2,0,12,20,2008-06-12
2,99,3,0,4,20,2008-06-12
2,99,4,0,12,20,2008-06-12
2,99,1,50,18,20,2008-06-12
2,99,2,50,17,20,2008-06-12
2,99,3,50,20,20,2008-06-12
2,99,4,50,18,20,2008-06-12
3,100,1,-50,3,40,2008-06-12
3,100,2,-50,15,40,2008-06-12
3,100,3,-50,16,40,2008-06-12
3,100,4,-50,10,40,2008-06-12
3,100,1,0,18,40,2008-06-12
3,100,2,0,19,40,2008-06-12
3,100,3,0,25,40,2008-06-12
3,100,4,0,23,40,2008-06-12
3,100,1,50,30,40,2008-06-12
3,100,2,50,40,40,2008-06-12
3,100,3,50,40,40,2008-06-12
3,100,4,50,35,40,2008-06-12
2,101,1,-50,6,40,2008-06-13
2,101,2,-50,3,40,2008-06-13
2,101,3,-50,3,40,2008-06-13
2,101,4,-50,4,40,2008-06-13
2,101,1,0,17,40,2008-06-13
2,101,2,0,18,40,2008-06-13
2,101,3,0,30,40,2008-06-13
2,101,4,0,27,40,2008-06-13
2,101,1,50,37,40,2008-06-13
2,101,2,50,37,40,2008-06-13
2,101,3,50,37,40,2008-06-13
2,101,4,50,37,40,2008-06-13
3,102,1,-50,13,40,2008-06-13
3,102,2,-50,11,40,2008-06-13
3,102,3,-50,15,40,2008-06-13
3,102,4,-50,8,40,2008-06-13
3,102,1,0,18,40,2008-06-13
3,102,2,0,25,40,2008-06-13
3,102,3,0,22,40,2008-06-13
3,102,4,0,32,40,2008-06-13
3,102,1,50,28,40,2008-06-13
3,102,2,50,30,40,2008-06-13
3,102,3,50,13,40,2008-06-13
3,102,4,50,39,40,2008-06-13
2,103,1,-50,1,40,2008-06-26
2,103,2,-50,3,40,2008-06-26
2,103,3,-50,5,40,2008-06-26
2,103,4,-50,3,40,2008-06-26
2,103,1,0,14,40,2008-06-26
2,103,2,0,21,40,2008-06-26
2,103,3,0,28,40,2008-06-26
2,103,4,0,29,40,2008-06-26
2,103,1,50,38,40,2008-06-26
2,103,2,50,37,40,2008-06-26
2,103,3,50,36,40,2008-06-26
2,103,4,50,37,40,2008-06-26
3,104,1,-50,6,40,2008-06-27
3,104,2,-50,10,40,2008-06-27
3,104,3,-50,10,40,2008-06-27
3,104,4,-50,5,40,2008-06-27
3,104,1,0,15,40,2008-06-27
3,104,2,0,18,40,2008-06-27
3,104,3,0,16,40,2008-06-27
3,104,4,0,23,40,2008-06-27
3,104,1,50,30,40,2008-06-27
3,104,2,50,37,40,2008-06-27
3,104,3,50,35,40,2008-06-27
3,104,4,50,40,40,2008-06-27
2,105,1,-50,3,40,2008-06-27
2,105,2,-50,3,40,2008-06-27
2,105,3,-50,2,40,2008-06-27
2,105,4,-50,0,40,2008-06-27
2,105,1,0,21,40,2008-06-27
2,105,2,0,22,40,2008-06-27
2,105,3,0,17,40,2008-06-27
2,105,4,0,22,40,2008-06-27
2,105,1,50,40,40,2008-06-27
2,105,2,50,38,40,2008-06-27
2,105,3,50,39,40,2008-06-27
2,105,4,50,37,40,2008-06-27
3,106,1,-50,4,20,2008-07-01
3,106,2,-50,1,20,2008-07-01
3,106,3,-50,2,40,2008-07-01
3,106,4,-50,4,40,2008-07-01
3,106,1,0,5,20,2008-07-01
3,106,2,0,7,20,2008-07-01
3,106,3,0,12,20,2008-07-01
3,106,4,0,30,40,2008-07-01
3,106,1,50,19,20,2008-07-01
3,106,2,50,13,20,2008-07-01
3,106,3,50,19,24,2008-07-01
3,106,4,50,33,40,2008-07-01
3,107,1,-50,5,23,2008-07-03
3,107,2,-50,19,40,2008-07-03
3,107,3,-50,6,20,2008-07-03
3,107,4,-50,4,20,2008-07-03
3,107,1,0,13,20,2008-07-03
3,107,2,0,24,40,2008-07-03
3,107,3,0,12,20,2008-07-03
3,107,4,0,14,20,2008-07-03
3,107,1,50,31,40,2008-07-03
3,107,2,50,34,40,2008-07-03
3,107,3,50,18,20,2008-07-03
3,107,4,50,18,20,2008-07-03
2,108,1,-50,0,40,2008-07-03
2,108,2,-50,2,40,2008-07-03
2,108,3,-50,1,40,2008-07-03
2,108,4,-50,2,40,2008-07-03
2,108,1,0,21,40,2008-07-03
2,108,2,0,18,40,2008-07-03
2,108,3,0,20,40,2008-07-03
2,108,4,0,18,40,2008-07-03
2,108,1,50,37,40,2008-07-03
2,108,2,50,37,40,2008-07-03
2,108,3,50,39,40,2008-07-03
2,108,4,50,39,40,2008-07-03
3,109,1,-50,23,40,2008-07-04
3,109,2,-50,14,40,2008-07-04
3,109,3,-50,4,40,2008-07-04
3,109,4,-50,2,40,2008-07-04
3,109,1,0,20,20,2008-07-04
3,109,2,0,33,40,2008-07-04
3,109,3,0,25,40,2008-07-04
3,109,4,0,34,40,2008-07-04
3,109,1,50,28,31,2008-07-04
3,109,2,50,40,40,2008-07-04
3,109,3,50,35,40,2008-07-04
3,109,4,50,33,40,2008-07-04
3,110,1,-50,6,40,2008-07-08
3,110,2,-50,5,40,2008-07-08
3,110,3,-50,0,40,2008-07-08
3,110,4,-50,1,40,2008-07-08
3,110,1,0,25,40,2008-07-08
3,110,2,0,15,40,2008-07-08
3,110,3,0,23,40,2008-07-08
3,110,4,0,16,40,2008-07-08
3,110,1,50,32,40,2008-07-08
3,110,2,50,34,40,2008-07-08
3,110,3,50,32,40,2008-07-08
3,110,4,50,30,40,2008-07-08
3,111,1,-50,5,40,2008-07-09
3,111,2,-50,9,40,2008-07-09
3,111,3,-50,1,40,2008-07-09
3,111,4,-50,2,40,2008-07-09
3,111,1,0,23,40,2008-07-09
3,111,2,0,24,40,2008-07-09
3,111,3,0,11,40,2008-07-09
3,111,4,0,23,40,2008-07-09
3,111,1,50,38,40,2008-07-09
3,111,2,50,39,40,2008-07-09
3,111,3,50,33,40,2008-07-09
3,111,4,50,34,40,2008-07-09
3,112,1,-50,1,40,2008-07-10
3,112,2,-50,5,40,2008-07-10
3,112,3,-50,7,40,2008-07-10
3,112,4,-50,4,40,2008-07-10
3,112,1,0,22,40,2008-07-10
3,112,2,0,21,40,2008-07-10
3,112,3,0,23,40,2008-07-10
3,112,4,0,9,40,2008-07-10
3,112,1,50,36,40,2008-07-10
3,112,2,50,33,40,2008-07-10
3,112,3,50,36,40,2008-07-10
3,112,4,50,35,40,2008-07-10
3,113,1,-50,7,40,2008-07-11
3,113,2,-50,14,40,2008-07-11
3,113,3,-50,6,40,2008-07-11
3,113,4,-50,5,40,2008-07-11
3,113,1,0,18,40,2008-07-11
3,113,2,0,25,40,2008-07-11
3,113,3,0,16,40,2008-07-11
3,113,4,0,12,40,2008-07-11
3,113,1,50,36,40,2008-07-11
3,113,2,50,32,40,2008-07-11
3,113,3,50,31,40,2008-07-11
3,113,4,50,37,40,2008-07-11
3,114,1,-50,12,40,2008-07-17
3,114,2,-50,3,20,2008-07-17
3,114,3,-50,11,40,2008-07-17
3,114,4,-50,5,20,2008-07-17
3,114,1,0,14,40,2008-07-17
3,114,2,0,12,20,2008-07-17
3,114,3,0,30,40,2008-07-17
3,114,4,0,16,40,2008-07-17
3,114,1,50,34,40,2008-07-17
3,114,2,50,16,20,2008-07-17
3,114,3,50,35,40,2008-07-17
3,114,4,50,23,26,2008-07-17
3,115,1,-50,15,40,2008-07-18
3,115,2,-50,14,40,2008-07-18
3,115,3,-50,3,20,2008-07-18
3,115,4,-50,2,20,2008-07-18
3,115,1,0,13,39,2008-07-18
3,115,2,0,17,40,2008-07-18
3,115,3,0,10,20,2008-07-18
3,115,4,0,14,20,2008-07-18
3,115,1,50,36,40,2008-07-18
3,115,2,50,29,34,2008-07-18
3,115,3,50,17,20,2008-07-18
3,115,4,50,16,20,2008-07-18
3,116,1,-50,2,40,2008-07-22
3,116,2,-50,11,40,2008-07-22
3,116,3,-50,10,40,2008-07-22
3,116,4,-50,3,40,2008-07-22
3,116,1,0,13,40,2008-07-22
3,116,2,0,22,40,2008-07-22
3,116,3,0,19,40,2008-07-22
3,116,4,0,26,40,2008-07-22
3,116,1,50,33,40,2008-07-22
3,116,2,50,33,40,2008-07-22
3,116,3,50,30,40,2008-07-22
3,116,4,50,35,40,2008-07-22
2,117,1,-50,4,20,2008-07-22
2,117,2,-50,5,20,2008-07-22
2,117,3,-50,0,20,2008-07-22
2,117,4,-50,0,20,2008-07-22
2,117,1,0,11,20,2008-07-22
2,117,2,0,15,20,2008-07-22
2,117,3,0,6,20,2008-07-22
2,117,4,0,7,20,2008-07-22
2,117,1,50,19,20,2008-07-22
2,117,2,50,19,20,2008-07-22
2,117,3,50,19,20,2008-07-22
2,117,4,50,20,20,2008-07-22
3,118,1,-50,4,40,2008-07-23
3,118,2,-50,6,40,2008-07-23
3,118,3,-50,3,40,2008-07-23
3,118,4,-50,3,40,2008-07-23
3,118,1,0,27,40,2008-07-23
3,118,2,0,26,40,2008-07-23
3,118,3,0,24,40,2008-07-23
3,118,4,0,15,40,2008-07-23
3,118,1,50,40,40,2008-07-23
3,118,2,50,38,40,2008-07-23
3,118,3,50,34,40,2008-07-23
3,118,4,50,35,40,2008-07-23
3,119,1,-50,8,40,2008-07-24
3,119,2,-50,12,40,2008-07-24
3,119,3,-50,12,40,2008-07-24
3,119,4,-50,11,40,2008-07-24
3,119,1,0,22,40,2008-07-24
3,119,2,0,28,40,2008-07-24
3,119,3,0,28,40,2008-07-24
3,119,4,0,13,40,2008-07-24
3,119,1,50,35,40,2008-07-24
3,119,2,50,38,40,2008-07-24
3,119,3,50,36,40,2008-07-24
3,119,4,50,38,39,2008-07-24
3,120,1,-50,7,40,2008-07-25
3,120,2,-50,5,40,2008-07-25
3,120,3,-50,6,40,2008-07-25
3,120,4,-50,5,40,2008-07-25
3,120,1,0,17,40,2008-07-25
3,120,2,0,21,40,2008-07-25
3,120,3,0,21,40,2008-07-25
3,120,4,0,28,40,2008-07-25
3,120,1,50,36,40,2008-07-25
3,120,2,50,33,40,2008-07-25
3,120,3,50,30,40,2008-07-25
3,120,4,50,32,40,2008-07-25
3,121,1,-50,9,40,2008-07-29
3,121,2,-50,5,40,2008-07-29
3,121,3,-50,5,40,2008-07-29
3,121,4,-50,4,40,2008-07-29
3,121,1,0,26,40,2008-07-29
3,121,2,0,22,40,2008-07-29
3,121,3,0,17,40,2008-07-29
3,121,4,0,24,40,2008-07-29
3,121,1,50,38,40,2008-07-29
3,121,2,50,37,40,2008-07-29
3,121,3,50,33,40,2008-07-29
3,121,4,50,31,40,2008-07-29
2,122,1,-50,0,40,2008-07-30
2,122,2,-50,1,40,2008-07-30
2,122,3,-50,4,40,2008-07-30
2,122,4,-50,3,40,2008-07-30
2,122,1,0,23,40,2008-07-30
2,122,2,0,30,40,2008-07-30
2,122,3,0,26,40,2008-07-30
2,122,4,0,25,40,2008-07-30
2,122,1,50,38,40,2008-07-30
2,122,2,50,37,40,2008-07-30
2,122,3,50,39,40,2008-07-30
2,122,4,50,37,40,2008-07-30
3,123,1,-50,4,40,2008-07-31
3,123,2,-50,1,40,2008-07-31
3,123,3,-50,3,40,2008-07-31
3,123,4,-50,0,40,2008-07-31
3,123,1,0,11,34,2008-07-31
3,123,2,0,10,40,2008-07-31
3,123,3,0,24,40,2008-07-31
3,123,4,0,13,40,2008-07-31
3,123,1,50,37,40,2008-07-31
3,123,2,50,37,40,2008-07-31
3,123,3,50,37,40,2008-07-31
3,123,4,50,32,40,2008-07-31
3,124,2,-50,1,16,2008-08-01
3,124,3,-50,2,20,2008-08-01
3,124,4,-50,2,20,2008-08-01
3,124,2,0,11,20,2008-08-01
3,124,3,0,9,20,2008-08-01
3,124,4,0,8,20,2008-08-01
3,124,2,50,19,20,2008-08-01
3,124,3,50,17,20,2008-08-01
3,124,4,50,18,20,2008-08-01
3,125,1,-50,1,40,2008-08-07
3,125,2,-50,3,40,2008-08-07
3,125,3,-50,4,40,2008-08-07
3,125,4,-50,5,40,2008-08-07
3,125,1,0,16,40,2008-08-07
3,125,2,0,21,40,2008-08-07
3,125,3,0,19,40,2008-08-07
3,125,4,0,9,40,2008-08-07
3,125,1,50,37,40,2008-08-07
3,125,2,50,29,40,2008-08-07
3,125,3,50,30,40,2008-08-07
3,125,4,50,32,40,2008-08-07
3,126,1,-50,3,20,2008-08-01
3,126,2,-50,0,20,2008-08-01
3,126,3,-50,6,20,2008-08-01
3,126,4,-50,5,20,2008-08-01
3,126,1,0,13,20,2008-08-01
3,126,2,0,10,20,2008-08-01
3,126,3,0,11,20,2008-08-01
3,126,4,0,2,20,2008-08-01
3,126,1,50,18,20,2008-08-01
3,126,2,50,18,20,2008-08-01
3,126,3,50,18,20,2008-08-01
3,126,4,50,19,20,2008-08-01
2,127,1,-50,1,20,2008-08-01
2,127,2,-50,0,20,2008-08-01
2,127,3,-50,0,20,2008-08-01
2,127,4,-50,1,20,2008-08-01
2,127,1,0,14,20,2008-08-01
2,127,2,0,11,20,2008-08-01
2,127,3,0,10,20,2008-08-01
2,127,4,0,13,20,2008-08-01
2,127,1,50,20,20,2008-08-01
2,127,2,50,17,20,2008-08-01
2,127,3,50,20,20,2008-08-01
2,127,4,50,20,20,2008-08-01
3,128,1,-50,8,20,2008-08-02
3,128,2,-50,0,20,2008-08-02
3,128,3,-50,4,20,2008-08-02
3,128,4,-50,0,20,2008-08-02
3,128,1,0,10,20,2008-08-02
3,128,2,0,2,20,2008-08-02
3,128,3,0,11,20,2008-08-02
3,128,4,0,7,20,2008-08-02
3,128,1,50,16,20,2008-08-02
3,128,2,50,18,20,2008-08-02
3,128,3,50,13,20,2008-08-02
3,128,4,50,19,20,2008-08-02
3,129,1,-50,1,20,2008-08-02
3,129,2,-50,0,20,2008-08-02
3,129,3,-50,1,20,2008-08-02
3,129,4,-50,2,20,2008-08-02
3,129,1,0,12,20,2008-08-02
3,129,2,0,3,20,2008-08-02
3,129,3,0,13,20,2008-08-02
3,129,4,0,7,20,2008-08-02
3,129,1,50,20,20,2008-08-02
3,129,2,50,18,20,2008-08-02
3,129,3,50,19,20,2008-08-02
3,129,4,50,20,20,2008-08-02
2,130,1,-50,1,40,2008-08-02
2,130,2,-50,2,40,2008-08-02
2,130,3,-50,2,40,2008-08-02
2,130,4,-50,2,40,2008-08-02
2,130,1,0,22,40,2008-08-02
2,130,2,0,33,40,2008-08-02
2,130,3,0,24,40,2008-08-02
2,130,4,0,18,40,2008-08-02
2,130,1,50,37,40,2008-08-02
2,130,2,50,37,40,2008-08-02
2,130,3,50,40,40,2008-08-02
2,130,4,50,39,40,2008-08-02
2,131,1,-50,2,40,2008-08-02
2,131,2,-50,5,40,2008-08-02
2,131,3,-50,4,40,2008-08-02
2,131,4,-50,2,40,2008-08-02
2,131,1,0,28,40,2008-08-02
2,131,2,0,21,40,2008-08-02
2,131,3,0,32,40,2008-08-02
2,131,4,0,19,40,2008-08-02
2,131,1,50,39,40,2008-08-02
2,131,2,50,39,40,2008-08-02
2,131,3,50,34,40,2008-08-02
2,131,4,50,40,40,2008-08-02
4,151,2,-40,14,93,2003-08-18
4,151,2,-20,22,93,2003-08-18
4,151,2,0,18,98,2003-08-18
4,151,2,20,28,93,2003-08-18
4,151,2,40,41,102,2003-08-18
4,152,2,-40,36,52,2003-08-20
4,152,2,-20,76,105,2003-08-20
4,152,2,0,61,92,2003-08-20
4,152,2,20,34,46,2003-08-20
4,152,2,40,84,100,2003-08-20
4,153,2,-40,55,113,2003-08-22
4,153,2,-20,29,76,2003-08-22
4,153,2,0,35,51,2003-08-22
4,153,2,20,62,110,2003-08-22
4,153,2,40,64,106,2003-08-22
4,132,1,-40,2,19,2003-10-24
4,132,2,-40,30,159,2003-10-24
4,132,3,-40,2,29,2003-10-24
4,132,4,-40,6,23,2003-10-24
4,132,1,-20,22,22,2003-10-24
4,132,2,-20,55,138,2003-10-24
4,132,3,-20,7,29,2003-10-24
4,132,4,-20,20,27,2003-10-24
4,132,1,0,19,26,2003-10-24
4,132,2,0,52,146,2003-10-24
4,132,3,0,10,25,2003-10-24
4,132,4,0,10,30,2003-10-24
4,132,1,20,3,26,2003-10-24
4,132,2,20,64,146,2003-10-24
4,132,3,20,0,25,2003-10-24
4,132,4,20,15,25,2003-10-24
4,132,1,40,20,26,2003-10-24
4,132,2,40,75,148,2003-10-24
4,132,3,40,15,24,2003-10-24
4,132,4,40,11,24,2003-10-24
4,133,1,-40,3,24,2003-10-27
4,133,2,-40,7,140,2003-10-27
4,133,3,-40,3,26,2003-10-27
4,133,4,-40,3,26,2003-10-27
4,133,1,-20,7,26,2003-10-27
4,133,2,-20,39,168,2003-10-27
4,133,3,-20,7,29,2003-10-27
4,133,4,-20,3,27,2003-10-27
4,133,1,0,1,28,2003-10-27
4,133,2,0,55,157,2003-10-27
4,133,3,0,2,27,2003-10-27
4,133,4,0,3,25,2003-10-27
4,133,1,20,5,29,2003-10-27
4,133,2,20,58,165,2003-10-27
4,133,3,20,1,29,2003-10-27
4,133,4,20,12,27,2003-10-27
4,133,1,40,19,25,2003-10-27
4,133,2,40,120,170,2003-10-27
4,133,3,40,17,24,2003-10-27
4,133,4,40,8,26,2003-10-27
4,135,1,-40,2,19,2004-02-06
4,135,2,-40,4,49,2004-02-06
4,135,4,-40,18,51,2004-02-06
4,135,1,-20,6,20,2004-02-06
4,135,2,-20,28,45,2004-02-06
4,135,4,-20,8,50,2004-02-06
4,135,1,0,22,25,2004-02-06
4,135,2,0,37,52,2004-02-06
4,135,4,0,26,49,2004-02-06
4,135,1,20,13,24,2004-02-06
4,135,2,20,40,53,2004-02-06
4,135,4,20,42,80,2004-02-06
4,135,1,40,26,28,2004-02-06
4,135,2,40,31,61,2004-02-06
4,135,4,40,19,24,2004-02-06
4,140,1,-40,5,26,2004-04-12
4,140,2,-40,40,74,2004-04-12
4,140,3,-40,16,42,2004-04-12
4,140,4,-40,6,20,2004-04-12
4,140,1,-20,9,21,2004-04-12
4,140,2,-20,49,63,2004-04-12
4,140,3,-20,9,26,2004-04-12
4,140,4,-20,14,19,2004-04-12
4,140,1,0,9,18,2004-04-12
4,140,2,0,37,63,2004-04-12
4,140,3,0,8,26,2004-04-12
4,140,4,0,13,24,2004-04-12
4,140,1,20,11,21,2004-04-12
4,140,2,20,43,59,2004-04-12
4,140,3,20,16,18,2004-04-12
4,140,4,20,7,17,2004-04-12
4,140,1,40,9,14,2004-04-12
4,140,2,40,47,54,2004-04-12
4,140,3,40,22,23,2004-04-12
4,149,1,-40,3,19,2004-08-11
4,149,2,-40,10,35,2004-08-11
4,149,3,-40,3,19,2004-08-11
4,149,4,-40,1,10,2004-08-11
4,149,1,0,4,13,2004-08-11
4,149,2,0,17,28,2004-08-11
4,149,3,0,6,14,2004-08-11
4,149,4,0,2,19,2004-08-11
4,149,1,40,11,14,2004-08-11
4,149,2,40,18,24,2004-08-11
4,149,3,40,10,10,2004-08-11
4,149,4,40,11,13,2004-08-11
4,150,1,-40,4,10,2004-08-17
4,150,2,-40,28,34,2004-08-17
4,150,3,-40,20,25,2004-08-17
4,150,4,-40,8,29,2004-08-17
4,150,1,0,1,3,2004-08-17
4,150,2,0,28,29,2004-08-17
4,150,3,0,2,12,2004-08-17
4,150,1,40,15,16,2004-08-17
4,150,2,40,30,31,2004-08-17
4,150,3,40,15,19,2004-08-17
4,150,4,40,17,17,2004-08-17
4,154,1,-20,3,20,2004-08-25
4,154,2,-20,14,30,2004-08-25
4,154,3,-20,1,17,2004-08-25
4,154,4,-20,5,21,2004-08-25
4,154,1,-10,6,16,2004-08-25
4,154,3,-10,6,12,2004-08-25
4,154,1,0,4,13,2004-08-25
4,154,2,0,15,30,2004-08-25
4,154,3,0,9,21,2004-08-25
4,154,4,0,13,15,2004-08-25
4,154,1,10,5,23,2004-08-25
4,154,3,10,8,21,2004-08-25
4,154,1,20,6,13,2004-08-25
4,154,2,20,31,45,2004-08-25
4,154,3,20,10,13,2004-08-25
4,154,4,20,10,20,2004-08-25
5,155,1,-30,4,24,2004-09-28
5,155,2,-30,13,39,2004-09-28
5,155,3,-30,0,17,2004-09-28
5,155,1,0,5,16,2004-09-28
5,155,2,0,19,32,2004-09-28
5,155,3,0,10,23,2004-09-28
5,155,1,30,11,25,2004-09-28
5,155,2,30,21,38,2004-09-28
5,155,3,30,8,15,2004-09-28
5,134,2,-30,5,16,2004-10-06
5,134,3,-30,3,19,2004-10-06
5,134,2,0,6,22,2004-10-06
5,134,3,0,6,19,2004-10-06
5,134,2,30,11,14,2004-10-06
5,134,3,30,1,14,2004-10-06
5,138,1,-30,3,22,2005-03-03
5,138,2,-30,3,45,2005-03-03
5,138,3,-30,4,19,2005-03-03
5,138,1,0,20,28,2005-03-03
5,138,2,0,21,38,2005-03-03
5,138,3,0,16,22,2005-03-03
5,138,1,30,22,24,2005-03-03
5,138,2,30,30,39,2005-03-03
5,138,3,30,18,19,2005-03-03
5,139,1,-30,5,40,2005-03-07
5,139,2,-30,20,78,2005-03-07
5,139,3,-30,3,27,2005-03-07
5,139,4,-30,3,12,2005-03-07
5,139,1,0,23,45,2005-03-07
5,139,2,0,35,80,2005-03-07
5,139,3,0,9,16,2005-03-07
5,139,4,0,7,21,2005-03-07
5,139,1,30,24,39,2005-03-07
5,139,2,30,56,83,2005-03-07
5,139,3,30,10,17,2005-03-07
5,139,4,30,9,18,2005-03-07
5,136,1,-30,6,19,2005-03-25
5,136,2,-30,24,35,2005-03-25
5,136,3,-30,15,24,2005-03-25
5,136,4,-30,19,26,2005-03-25
5,136,1,0,1,10,2005-03-25
5,136,2,0,35,45,2005-03-25
5,136,3,0,21,23,2005-03-25
5,136,4,0,17,17,2005-03-25
5,136,1,30,15,28,2005-03-25
5,136,2,30,37,43,2005-03-25
5,136,3,30,15,21,2005-03-25
5,136,4,30,21,22,2005-03-25
5,137,1,-30,8,36,2005-03-30
5,137,2,-30,26,61,2005-03-30
5,137,4,-30,4,21,2005-03-30
5,137,1,0,7,46,2005-03-30
5,137,2,0,40,43,2005-03-30
5,137,4,0,12,25,2005-03-30
5,137,1,30,37,37,2005-03-30
5,137,2,30,38,39,2005-03-30
5,137,4,30,15,16,2005-03-30
5,141,1,-30,14,33,2005-04-12
5,141,2,-30,10,48,2005-04-12
5,141,3,-30,1,21,2005-04-12
5,141,4,-30,0,18,2005-04-12
5,141,1,0,20,43,2005-04-12
5,141,2,0,19,43,2005-04-12
5,141,3,0,11,22,2005-04-12
5,141,4,0,12,24,2005-04-12
5,141,1,30,28,36,2005-04-12
5,141,2,30,44,50,2005-04-12
5,141,3,30,14,20,2005-04-12
5,141,4,30,19,28,2005-04-12
5,142,1,-30,15,54,2005-04-13
5,142,2,-30,11,30,2005-04-13
5,142,3,-30,7,13,2005-04-13
5,142,4,-30,2,13,2005-04-13
5,142,1,0,35,47,2005-04-13
5,142,2,0,7,14,2005-04-13
5,142,3,0,1,21,2005-04-13
5,142,4,0,18,28,2005-04-13
5,142,1,30,39,40,2005-04-13
5,142,2,30,26,26,2005-04-13
5,142,3,30,21,22,2005-04-13
5,142,4,30,12,18,2005-04-13
5,143,1,-30,13,48,2005-04-25
5,143,2,-30,6,14,2005-04-25
5,143,3,-30,15,22,2005-04-25
5,143,1,0,14,32,2005-04-25
5,143,2,0,10,19,2005-04-25
5,143,3,0,6,16,2005-04-25
5,143,4,0,16,24,2005-04-25
5,143,1,30,27,34,2005-04-25
5,143,2,30,20,25,2005-04-25
5,143,3,30,12,20,2005-04-25
5,143,4,30,4,22,2005-04-25
5,144,1,-30,10,47,2005-04-26
5,144,2,-30,28,78,2005-04-26
5,144,4,-30,5,19,2005-04-26
5,144,1,0,14,45,2005-04-26
5,144,2,0,33,68,2005-04-26
5,144,4,0,3,16,2005-04-26
5,144,1,30,18,54,2005-04-26
5,144,2,30,29,75,2005-04-26
5,144,4,30,2,20,2005-04-26
5,145,1,-30,10,33,2005-04-27
5,145,2,-30,4,35,2005-04-27
5,145,3,-30,9,39,2005-04-27
5,145,4,-30,6,18,2005-04-27
5,145,1,0,16,55,2005-04-27
5,145,2,0,15,33,2005-04-27
5,145,3,0,17,46,2005-04-27
5,145,4,0,6,15,2005-04-27
5,145,1,30,33,56,2005-04-27
5,145,2,30,18,41,2005-04-27
5,145,3,30,19,32,2005-04-27
5,145,4,30,15,21,2005-04-27
5,146,1,-30,10,37,2005-04-28
5,146,2,-30,1,60,2005-04-28
5,146,3,-30,11,37,2005-04-28
5,146,1,0,10,30,2005-04-28
5,146,2,0,21,57,2005-04-28
5,146,3,0,13,38,2005-04-28
5,146,1,30,19,31,2005-04-28
5,146,2,30,27,51,2005-04-28
5,146,3,30,21,37,2005-04-28
5,147,1,-30,1,26,2005-04-29
5,147,2,-30,9,27,2005-04-29
5,147,3,-30,0,11,2005-04-29
5,147,4,-30,5,18,2005-04-29
5,147,1,0,10,41,2005-04-29
5,147,2,0,14,25,2005-04-29
5,147,3,0,6,17,2005-04-29
5,147,4,0,8,17,2005-04-29
5,147,1,30,23,45,2005-04-29
5,147,2,30,15,25,2005-04-29
5,147,3,30,3,13,2005-04-29
5,147,4,30,4,20,2005-04-29
5,148,1,-30,0,10,2005-05-06
5,148,2,-30,3,5,2005-05-06
5,148,1,0,14,21,2005-05-06
5,148,1,30,13,15,2005-05-06
6,156,1,-20,17,39,2012-03-27
6,156,1,0,22,34,2012-03-27
6,156,1,20,14,32,2012-03-27
6,156,2,-20,26,37,2012-03-27
6,156,2,0,37,53,2012-03-27
6,156,2,20,30,54,2012-03-27
6,156,3,-20,22,33,2012-03-27
6,156,3,0,18,37,2012-03-27
6,156,3,20,17,40,2012-03-27
6,156,4,-20,18,37,2012-03-27
6,156,4,0,28,52,2012-03-27
6,156,4,20,15,42,2012-03-27
6,157,1,-40,19,37,2012-03-28
6,157,1,-20,20,39,2012-03-28
6,157,1,0,17,39,2012-03-28
6,157,1,20,19,39,2012-03-28
6,157,1,40,20,40,2012-03-28
6,157,2,-40,19,19,2012-03-28
6,157,2,-20,15,43,2012-03-28
6,157,2,0,16,40,2012-03-28
6,157,2,20,9,34,2012-03-28
6,157,2,40,20,20,2012-03-28
6,157,3,-40,20,20,2012-03-28
6,157,3,-20,19,36,2012-03-28
6,157,3,0,17,37,2012-03-28
6,157,3,20,17,40,2012-03-28
6,157,3,40,20,33,2012-03-28
6,157,4,-40,18,18,2012-03-28
6,157,4,-20,16,36,2012-03-28
6,157,4,0,17,38,2012-03-28
6,157,4,20,18,38,2012-03-28
6,157,4,40,19,20,2012-03-28
6,158,1,-20,19,35,2012-03-29
6,158,1,0,12,33,2012-03-29
6,158,1,20,13,32,2012-03-29
6,158,2,-20,16,37,2012-03-29
6,158,2,0,21,38,2012-03-29
6,158,2,20,20,37,2012-03-29
6,158,3,-20,16,38,2012-03-29
6,158,3,0,23,39,2012-03-29
6,158,3,20,18,39,2012-03-29
6,158,4,-20,18,39,2012-03-29
6,158,4,0,20,34,2012-03-29
6,158,4,20,20,38,2012-03-29
6,159,1,-20,24,65,2012-03-30
6,159,1,0,29,56,2012-03-30
6,159,1,20,34,56,2012-03-30
6,159,2,-20,34,57,2012-03-30
6,159,2,0,25,56,2012-03-30
6,159,2,20,36,53,2012-03-30
6,159,3,-20,19,59,2012-03-30
6,159,3,0,17,55,2012-03-30
6,159,3,20,28,55,2012-03-30
6,159,4,-20,6,17,2012-03-30
6,159,4,0,16,19,2012-03-30
6,159,4,20,10,19,2012-03-30
6,160,1,-50,14,32,2012-04-01
6,160,1,0,18,32,2012-04-01
6,160,1,50,31,36,2012-04-01
6,160,2,-50,12,37,2012-04-01
6,160,2,0,10,37,2012-04-01
6,160,2,50,13,33,2012-04-01
6,160,3,-50,10,38,2012-04-01
6,160,3,0,30,35,2012-04-01
6,160,3,50,30,34,2012-04-01
6,160,4,-50,15,35,2012-04-01
6,160,4,0,22,37,2012-04-01
6,160,4,50,19,37,2012-04-01
6,160,3,-50,4,33,2012-04-01
6,160,3,0,9,39,2012-04-01
6,160,3,50,4,35,2012-04-01
6,160,2,-50,5,33,2012-04-01
6,160,2,0,20,37,2012-04-01
6,160,2,50,22,31,2012-04-01
6,161,1,-50,15,35,2012-04-03
6,161,1,0,16,31,2012-04-03
6,161,1,50,19,32,2012-04-03
6,161,2,-50,15,28,2012-04-03
6,161,2,0,19,23,2012-04-03
6,161,2,50,27,35,2012-04-03
6,161,3,-50,10,25,2012-04-03
6,161,3,0,22,32,2012-04-03
6,161,3,50,18,32,2012-04-03
6,161,4,-50,19,32,2012-04-03
6,161,4,0,20,31,2012-04-03
6,161,4,50,24,29,2012-04-03
6,161,3,-50,19,25,2012-04-03
6,161,3,0,16,38,2012-04-03
6,161,3,50,29,33,2012-04-03
6,161,2,-50,13,29,2012-04-03
6,161,2,0,18,27,2012-04-03
6,161,2,50,22,30,2012-04-03
6,162,1,-50,14,28,2012-04-04
6,162,1,0,16,31,2012-04-04
6,162,1,50,19,27,2012-04-04
6,162,2,-50,31,42,2012-04-04
6,162,2,0,21,29,2012-04-04
6,162,2,50,25,36,2012-04-04
6,162,3,-50,17,30,2012-04-04
6,162,3,0,14,29,2012-04-04
6,162,3,50,17,31,2012-04-04
6,162,4,-50,17,35,2012-04-04
6,162,4,0,14,35,2012-04-04
6,162,4,50,20,32,2012-04-04
6,162,3,-50,19,30,2012-04-04
6,162,3,0,16,31,2012-04-04
6,162,3,50,20,29,2012-04-04
6,162,2,-50,18,34,2012-04-04
6,162,2,0,14,34,2012-04-04
6,162,2,50,21,34,2012-04-04
6,163,1,-50,20,33,2012-04-05
6,163,1,0,11,26,2012-04-05
6,163,1,50,8,30,2012-04-05
6,163,2,-50,14,37,2012-04-05
6,163,2,0,18,31,2012-04-05
6,163,2,50,20,37,2012-04-05
6,163,3,-50,7,27,2012-04-05
6,163,3,0,16,33,2012-04-05
6,163,3,50,15,29,2012-04-05
6,163,4,-50,9,30,2012-04-05
6,163,4,0,12,38,2012-04-05
6,163,4,50,22,36,2012-04-05
6,163,3,-50,7,31,2012-04-05
6,163,3,0,1,24,2012-04-05
6,163,3,50,8,29,2012-04-05
6,163,2,-50,11,35,2012-04-05
6,163,2,0,20,37,2012-04-05
6,163,2,50,17,30,2012-04-05
6,164,1,-50,7,30,2012-04-06
6,164,1,0,18,28,2012-04-06
6,164,1,50,4,20,2012-04-06
6,164,2,-50,14,31,2012-04-06
6,164,2,0,13,31,2012-04-06
6,164,2,50,21,28,2012-04-06
6,164,3,-50,14,28,2012-04-06
6,164,3,0,5,28,2012-04-06
6,164,3,50,29,35,2012-04-06
6,164,4,-50,15,32,2012-04-06
6,164,4,0,17,32,2012-04-06
6,164,4,50,19,29,2012-04-06
6,164,3,-50,9,32,2012-04-06
6,164,3,0,17,28,2012-04-06
6,164,3,50,14,25,2012-04-06
6,164,2,-50,18,34,2012-04-06
6,164,2,0,24,32,2012-04-06
6,164,2,50,21,32,2012-04-06
6,165,1,-50,6,20,2012-04-12
6,165,1,0,6,15,2012-04-12
6,165,1,50,9,19,2012-04-12
6,165,2,-50,6,15,2012-04-12
6,165,2,0,16,26,2012-04-12
6,165,2,50,7,13,2012-04-12
6,165,3,-50,13,21,2012-04-12
6,165,3,0,13,22,2012-04-12
6,165,3,50,10,21,2012-04-12
6,165,4,-50,12,20,2012-04-12
6,165,4,0,8,20,2012-04-12
6,165,4,50,9,21,2012-04-12
6,165,3,-50,7,24,2012-04-12
6,165,3,0,17,22,2012-04-12
6,165,3,50,12,22,2012-04-12
6,165,2,-50,14,21,2012-04-12
6,165,2,0,19,28,2012-04-12
6,165,2,50,10,24,2012-04-12
1,194,1,-60,2,39,2009-01-15
1,194,2,-60,2,31,2009-01-15
1,194,3,-60,1,30,2009-01-15
1,194,4,-60,1,45,2009-01-15
1,195,1,-50,1,37,2009-01-19
1,196,1,-50,12,30,2008-02-28
1,197,1,-50,0,28,2008-03-11
1,198,1,-50,2,31,2008-03-21
1,195,2,-50,0,32,2009-01-19
1,196,2,-50,2,29,2008-02-28
1,197,2,-50,1,28,2008-03-11
1,195,3,-50,1,31,2009-01-19
1,196,3,-50,7,29,2008-02-28
1,197,3,-50,0,29,2008-03-11
1,198,3,-50,4,31,2008-03-21
1,195,4,-50,0,37,2009-01-19
1,196,4,-50,11,29,2008-02-28
1,197,4,-50,0,29,2008-03-11
1,198,4,-50,4,64,2008-03-21
1,191,1,-30,0,30,2007-10-28
1,192,1,-30,7,30,2007-10-02
1,191,2,-30,6,30,2007-10-28
1,192,2,-30,7,33,2007-10-02
1,194,2,-30,1,34,2009-01-15
1,191,3,-30,7,32,2007-10-28
1,192,3,-30,7,30,2007-10-02
1,191,4,-30,4,31,2007-10-28
1,192,4,-30,3,30,2007-10-02
1,187,1,-20,9,30,2007-10-12
1,188,1,-20,0,31,2007-10-18
1,189,1,-20,26,31,2007-10-19
1,190,1,-20,1,33,2007-10-23
1,195,1,-20,10,36,2009-01-19
1,187,2,-20,22,30,2007-10-12
1,188,2,-20,2,31,2007-10-18
1,190,2,-20,1,32,2007-10-23
1,195,2,-20,5,41,2009-01-19
1,187,3,-20,20,30,2007-10-12
1,188,3,-20,4,33,2007-10-18
1,189,3,-20,18,32,2007-10-19
1,190,3,-20,5,32,2007-10-23
1,195,3,-20,9,39,2009-01-19
1,187,4,-20,24,48,2007-10-12
1,188,4,-20,0,32,2007-10-18
1,189,4,-20,30,42,2007-10-19
1,190,4,-20,4,32,2007-10-23
1,195,4,-20,15,44,2009-01-19
1,193,1,-10,3,31,2007-10-09
1,194,1,-10,26,42,2009-01-15
1,193,2,-10,1,33,2007-10-09
1,194,2,-10,29,31,2009-01-15
1,193,3,-10,13,33,2007-10-09
1,194,3,-10,11,31,2009-01-15
1,193,4,-10,12,31,2007-10-09
1,194,4,-10,27,43,2009-01-15
1,187,1,0,28,32,2007-10-12
1,188,1,0,2,35,2007-10-18
1,189,1,0,31,33,2007-10-19
1,190,1,0,12,32,2007-10-23
1,191,1,0,25,31,2007-10-28
1,192,1,0,9,28,2007-10-02
1,193,1,0,8,27,2007-10-09
1,194,1,0,15,29,2009-01-15
1,195,1,0,30,39,2009-01-19
1,196,1,0,18,31,2008-02-28
1,197,1,0,8,30,2008-03-11
1,198,1,0,0,31,2008-03-21
1,187,2,0,26,32,2007-10-12
1,188,2,0,4,34,2007-10-18
1,190,2,0,15,33,2007-10-23
1,191,2,0,34,45,2007-10-28
1,192,2,0,21,30,2007-10-02
1,193,2,0,8,33,2007-10-09
1,194,2,0,20,38,2009-01-15
1,195,2,0,11,34,2009-01-19
1,196,2,0,27,31,2008-02-28
1,197,2,0,9,30,2008-03-11
1,198,2,0,32,32,2008-03-21
1,187,3,0,23,31,2007-10-12
1,188,3,0,18,33,2007-10-18
1,190,3,0,12,35,2007-10-23
1,191,3,0,23,30,2007-10-28
1,192,3,0,15,30,2007-10-02
1,193,3,0,18,32,2007-10-09
1,194,3,0,21,30,2009-01-15
1,195,3,0,20,33,2009-01-19
1,196,3,0,16,31,2008-02-28
1,198,3,0,9,32,2008-03-21
1,187,4,0,28,31,2007-10-12
1,189,4,0,25,30,2007-10-19
1,190,4,0,6,32,2007-10-23
1,191,4,0,20,31,2007-10-28
1,192,4,0,15,30,2007-10-02
1,193,4,0,4,32,2007-10-09
1,194,4,0,22,31,2009-01-15
1,195,4,0,17,31,2009-01-19
1,196,4,0,15,30,2008-02-28
1,197,4,0,26,62,2008-03-11
1,198,4,0,9,32,2008-03-21
1,193,1,10,19,29,2007-10-09
1,194,1,10,22,32,2009-01-15
1,193,2,10,25,31,2007-10-09
1,194,2,10,30,32,2009-01-15
1,193,3,10,11,31,2007-10-09
1,194,3,10,28,30,2009-01-15
1,193,4,10,18,32,2007-10-09
1,194,4,10,31,31,2009-01-15
1,187,1,20,19,32,2007-10-12
1,188,1,20,19,32,2007-10-18
1,189,1,20,31,32,2007-10-19
1,190,1,20,29,31,2007-10-23
1,195,1,20,25,35,2009-01-19
1,187,2,20,24,31,2007-10-12
1,188,2,20,19,55,2007-10-18
1,189,2,20,24,31,2007-10-19
1,190,2,20,32,32,2007-10-23
1,195,2,20,36,36,2009-01-19
1,187,3,20,25,32,2007-10-12
1,190,3,20,29,33,2007-10-23
1,195,3,20,34,34,2009-01-19
1,187,4,20,20,30,2007-10-12
1,188,4,20,17,35,2007-10-18
1,189,4,20,24,31,2007-10-19
1,190,4,20,24,32,2007-10-23
1,195,4,20,32,32,2009-01-19
1,191,1,30,31,31,2007-10-28
1,192,1,30,25,32,2007-10-02
1,191,2,30,31,33,2007-10-28
1,192,2,30,25,31,2007-10-02
1,191,3,30,20,30,2007-10-28
1,192,3,30,24,30,2007-10-02
1,189,4,30,7,14,2007-10-19
1,191,4,30,28,31,2007-10-28
1,192,4,30,28,30,2007-10-02
1,194,4,30,28,29,2009-01-15
1,195,1,50,33,34,2009-01-19
1,196,1,50,29,31,2008-02-28
1,197,1,50,31,33,2008-03-11
1,198,1,50,30,30,2008-03-21
1,195,2,50,35,35,2009-01-19
1,196,2,50,29,33,2008-02-28
1,197,2,50,28,29,2008-03-11
1,198,2,50,30,32,2008-03-21
1,195,3,50,31,31,2009-01-19
1,196,3,50,29,34,2008-02-28
1,197,3,50,27,30,2008-03-11
1,198,3,50,61,64,2008-03-21
1,195,4,50,43,43,2009-01-19
1,196,4,50,26,31,2008-02-28
1,197,4,50,24,34,2008-03-11
1,198,4,50,32,37,2008-03-21
1,194,1,60,29,30,2009-01-15
1,194,2,60,36,36,2009-01-15
1,194,3,60,33,33,2009-01-15
1,194,4,60,29,29,2009-01-15
4,186,1,-80,0,31,2008-03-06
4,186,2,-80,4,30,2008-03-06
4,186,3,-80,0,40,2008-03-06
4,186,4,-80,2,44,2008-03-06
4,180,1,-60,1,32,2008-02-28
4,181,1,-60,1,35,2008-03-18
4,183,1,-60,2,35,2008-03-24
4,184,1,-60,17,37,2008-03-28
4,185,1,-60,1,30,2008-03-05
4,186,1,-60,3,32,2008-03-06
4,180,2,-60,1,34,2008-02-28
4,181,2,-60,2,32,2008-03-18
4,183,2,-60,8,32,2008-03-24
4,184,2,-60,7,33,2008-03-28
4,185,2,-60,3,39,2008-03-05
4,186,2,-60,2,31,2008-03-06
4,180,3,-60,3,32,2008-02-28
4,181,3,-60,1,31,2008-03-18
4,183,3,-60,4,31,2008-03-24
4,184,3,-60,2,34,2008-03-28
4,185,3,-60,1,32,2008-03-05
4,186,3,-60,4,32,2008-03-06
4,180,4,-60,1,34,2008-02-28
4,181,4,-60,6,30,2008-03-18
4,183,4,-60,7,30,2008-03-24
4,184,4,-60,12,35,2008-03-28
4,185,4,-60,2,34,2008-03-05
4,186,4,-60,2,38,2008-03-06
4,175,1,-50,13,30,2009-01-12
4,176,1,-50,1,43,2009-01-14
4,179,1,-50,17,32,2008-02-21
4,182,1,-50,5,31,2008-03-20
4,175,2,-50,9,36,2009-01-12
4,176,2,-50,1,33,2009-01-14
4,179,2,-50,45,66,2008-02-21
4,182,2,-50,4,35,2008-03-20
4,175,3,-50,3,42,2009-01-12
4,176,3,-50,1,30,2009-01-14
4,179,3,-50,16,32,2008-02-21
4,182,3,-50,6,31,2008-03-20
4,175,4,-50,2,30,2009-01-12
4,176,4,-50,3,31,2009-01-14
4,179,4,-50,18,33,2008-02-21
4,182,4,-50,0,31,2008-03-20
4,174,1,-30,19,34,2007-11-06
4,176,1,-30,1,47,2009-01-14
4,177,1,-30,23,33,2008-01-16
4,178,1,-30,20,34,2008-01-30
4,174,2,-30,9,33,2007-11-06
4,176,2,-30,7,32,2009-01-14
4,177,2,-30,19,34,2008-01-16
4,178,2,-30,43,45,2008-01-30
4,174,3,-30,20,35,2007-11-06
4,176,3,-30,1,35,2009-01-14
4,177,3,-30,9,33,2008-01-16
4,174,4,-30,20,34,2007-11-06
4,176,4,-30,0,34,2009-01-14
4,177,4,-30,25,34,2008-01-16
4,178,4,-30,28,34,2008-01-30
4,184,4,-30,9,39,2008-03-28
4,174,1,-20,6,33,2007-11-06
4,177,1,-20,24,24,2008-01-16
4,178,1,-20,22,35,2008-01-30
4,174,2,-20,18,34,2007-11-06
4,177,2,-20,25,34,2008-01-16
4,178,2,-20,30,34,2008-01-30
4,174,3,-20,20,34,2007-11-06
4,177,3,-20,26,32,2008-01-16
4,178,3,-20,32,38,2008-01-30
4,174,4,-20,8,31,2007-11-06
4,177,4,-20,29,33,2008-01-16
4,178,4,-20,38,43,2008-01-30
4,174,1,0,11,39,2007-11-06
4,175,1,0,19,66,2009-01-12
4,176,1,0,15,36,2009-01-14
4,177,1,0,22,32,2008-01-16
4,178,1,0,47,53,2008-01-30
4,179,1,0,23,33,2008-02-21
4,180,1,0,5,32,2008-02-28
4,181,1,0,4,32,2008-03-18
4,182,1,0,13,32,2008-03-20
4,183,1,0,0,32,2008-03-24
4,184,1,0,15,32,2008-03-28
4,185,1,0,6,32,2008-03-05
4,186,1,0,2,31,2008-03-06
4,174,2,0,13,32,2007-11-06
4,175,2,0,7,61,2009-01-12
4,176,2,0,8,39,2009-01-14
4,177,2,0,30,32,2008-01-16
4,178,2,0,30,35,2008-01-30
4,179,2,0,47,64,2008-02-21
4,180,2,0,4,66,2008-02-28
4,181,2,0,10,31,2008-03-18
4,182,2,0,15,30,2008-03-20
4,183,2,0,14,31,2008-03-24
4,184,2,0,15,35,2008-03-28
4,185,2,0,10,31,2008-03-05
4,186,2,0,16,32,2008-03-06
4,174,3,0,29,33,2007-11-06
4,175,3,0,36,64,2009-01-12
4,176,3,0,9,49,2009-01-14
4,177,3,0,18,32,2008-01-16
4,178,3,0,33,35,2008-01-30
4,180,3,0,5,33,2008-02-28
4,181,3,0,10,88,2008-03-18
4,182,3,0,29,32,2008-03-20
4,183,3,0,30,33,2008-03-24
4,184,3,0,16,33,2008-03-28
4,185,3,0,20,33,2008-03-05
4,186,3,0,7,31,2008-03-06
4,174,4,0,2,34,2007-11-06
4,175,4,0,11,32,2009-01-12
4,176,4,0,30,33,2009-01-14
4,177,4,0,28,32,2008-01-16
4,178,4,0,26,33,2008-01-30
4,179,4,0,37,55,2008-02-21
4,180,4,0,3,37,2008-02-28
4,181,4,0,15,33,2008-03-18
4,182,4,0,34,35,2008-03-20
4,183,4,0,35,35,2008-03-24
4,184,4,0,48,70,2008-03-28
4,185,4,0,2,32,2008-03-05
4,186,4,0,4,33,2008-03-06
4,174,1,20,21,31,2007-11-06
4,177,1,20,28,31,2008-01-16
4,178,1,20,40,42,2008-01-30
4,174,2,20,5,32,2007-11-06
4,177,2,20,28,33,2008-01-16
4,178,2,20,28,35,2008-01-30
4,174,3,20,2,36,2007-11-06
4,177,3,20,30,32,2008-01-16
4,178,3,20,35,35,2008-01-30
4,174,4,20,31,36,2007-11-06
4,177,4,20,33,34,2008-01-16
4,178,4,20,27,36,2008-01-30
4,174,1,30,25,32,2007-11-06
4,176,1,30,31,34,2009-01-14
4,177,1,30,31,32,2008-01-16
4,178,1,30,33,34,2008-01-30
4,174,2,30,12,32,2007-11-06
4,176,2,30,37,50,2009-01-14
4,177,2,30,24,32,2008-01-16
4,178,2,30,34,35,2008-01-30
4,174,3,30,18,32,2007-11-06
4,176,3,30,23,30,2009-01-14
4,177,3,30,27,32,2008-01-16
4,178,3,30,59,65,2008-01-30
4,174,4,30,31,32,2007-11-06
4,176,4,30,38,40,2009-01-14
4,177,4,30,30,31,2008-01-16
4,178,4,30,44,47,2008-01-30
4,175,1,50,36,37,2009-01-12
4,176,1,50,37,37,2009-01-14
4,179,1,50,25,33,2008-02-21
4,182,1,50,32,32,2008-03-20
4,175,2,50,25,31,2009-01-12
4,176,2,50,29,32,2009-01-14
4,179,2,50,24,35,2008-02-21
4,182,2,50,31,33,2008-03-20
4,175,3,50,17,29,2009-01-12
4,176,3,50,34,35,2009-01-14
4,182,3,50,35,35,2008-03-20
4,175,4,50,13,30,2009-01-12
4,176,4,50,28,29,2009-01-14
4,179,4,50,21,32,2008-02-21
4,182,4,50,29,37,2008-03-20
4,180,1,60,32,35,2008-02-28
4,181,1,60,31,34,2008-03-18
4,183,1,60,38,39,2008-03-24
4,184,1,60,28,33,2008-03-28
4,185,1,60,26,30,2008-03-05
4,186,1,60,26,32,2008-03-06
4,180,2,60,25,33,2008-02-28
4,181,2,60,25,31,2008-03-18
4,183,2,60,25,32,2008-03-24
4,184,2,60,29,33,2008-03-28
4,185,2,60,30,30,2008-03-05
4,186,2,60,24,33,2008-03-06
4,180,3,60,18,37,2008-02-28
4,181,3,60,33,35,2008-03-18
4,183,3,60,31,31,2008-03-24
4,184,3,60,32,36,2008-03-28
4,185,3,60,21,31,2008-03-05
4,186,3,60,31,31,2008-03-06
4,180,4,60,17,33,2008-02-28
4,181,4,60,21,32,2008-03-18
4,183,4,60,29,32,2008-03-24
4,185,4,60,28,30,2008-03-05
4,186,4,60,31,31,2008-03-06
4,186,1,80,33,34,2008-03-06
4,186,2,80,27,32,2008-03-06
4,186,3,80,28,30,2008-03-06
4,182,4,80,20,21,2008-03-20
4,186,4,80,28,31,2008-03-06
7,167,1,-50,2,41,2009-01-29
7,168,1,-50,31,38,2009-01-31
7,169,1,-50,6,34,2009-02-19
7,167,2,-50,17,66,2009-01-29
7,168,2,-50,6,33,2009-01-31
7,169,2,-50,3,32,2009-02-19
7,168,3,-50,27,42,2009-01-31
7,169,3,-50,2,32,2009-02-19
7,167,4,-50,1,44,2009-01-29
7,168,4,-50,8,35,2009-01-31
7,169,4,-50,0,30,2009-02-19
7,167,1,-30,2,34,2009-01-29
7,168,1,-30,26,38,2009-01-31
7,170,1,-30,15,35,2009-02-24
7,172,1,-30,3,33,2006-07-14
7,173,1,-30,23,40,2008-08-11
7,167,2,-30,3,33,2009-01-29
7,168,2,-30,52,70,2009-01-31
7,170,2,-30,4,34,2009-02-24
7,172,2,-30,0,32,2006-07-14
7,173,2,-30,8,34,2008-08-11
7,166,3,-30,1,30,2006-10-25
7,168,3,-30,16,36,2009-01-31
7,170,3,-30,2,37,2009-02-24
7,172,3,-30,0,60,2006-07-14
7,173,3,-30,7,41,2008-08-11
7,168,4,-30,10,44,2009-01-31
7,170,4,-30,2,36,2009-02-24
7,172,4,-30,0,63,2006-07-14
7,173,4,-30,13,36,2008-08-11
7,166,1,-20,10,30,2006-10-25
7,171,1,-20,24,32,2009-02-28
7,173,1,-20,12,35,2008-08-11
7,166,2,-20,3,31,2006-10-25
7,171,2,-20,29,31,2009-02-28
7,173,2,-20,8,43,2008-08-11
7,166,3,-20,11,30,2006-10-25
7,171,3,-20,22,32,2009-02-28
7,173,3,-20,5,36,2008-08-11
7,166,4,-20,3,30,2006-10-25
7,171,4,-20,8,30,2009-02-28
7,173,4,-20,16,35,2008-08-11
7,167,1,-10,21,32,2009-01-29
7,169,1,-10,31,32,2009-02-19
7,170,1,-10,17,35,2009-02-24
7,171,1,-10,32,32,2009-02-28
7,167,2,-10,8,30,2009-01-29
7,169,2,-10,14,43,2009-02-19
7,170,2,-10,3,41,2009-02-24
7,171,2,-10,15,15,2009-02-28
7,167,3,-10,10,33,2009-01-29
7,169,3,-10,4,37,2009-02-19
7,170,3,-10,1,36,2009-02-24
7,167,4,-10,19,34,2009-01-29
7,169,4,-10,17,48,2009-02-19
7,170,4,-10,9,36,2009-02-24
7,166,1,0,4,29,2006-10-25
7,167,1,0,28,46,2009-01-29
7,168,1,0,36,36,2009-01-31
7,169,1,0,34,38,2009-02-19
7,170,1,0,28,35,2009-02-24
7,171,1,0,23,31,2009-02-28
7,172,1,0,8,33,2006-07-14
7,173,1,0,58,67,2008-08-11
7,166,2,0,1,31,2006-10-25
7,167,2,0,28,38,2009-01-29
7,168,2,0,26,44,2009-01-31
7,169,2,0,24,35,2009-02-19
7,170,2,0,39,70,2009-02-24
7,171,2,0,37,37,2009-02-28
7,172,2,0,2,30,2006-07-14
7,173,2,0,31,34,2008-08-11
7,166,3,0,22,30,2006-10-25
7,167,3,0,24,35,2009-01-29
7,168,3,0,31,39,2009-01-31
7,169,3,0,22,40,2009-02-19
7,170,3,0,20,35,2009-02-24
7,171,3,0,6,31,2009-02-28
7,172,3,0,11,61,2006-07-14
7,173,3,0,30,35,2008-08-11
7,166,4,0,8,30,2006-10-25
7,167,4,0,32,43,2009-01-29
7,168,4,0,33,34,2009-01-31
7,169,4,0,27,31,2009-02-19
7,170,4,0,41,46,2009-02-24
7,171,4,0,19,31,2009-02-28
7,172,4,0,1,62,2006-07-14
7,173,4,0,39,40,2008-08-11
7,167,1,10,33,34,2009-01-29
7,169,1,10,18,31,2009-02-19
7,170,1,10,25,35,2009-02-24
7,167,2,10,25,30,2009-01-29
7,169,2,10,32,33,2009-02-19
7,170,2,10,13,37,2009-02-24
7,167,3,10,30,32,2009-01-29
7,169,3,10,21,29,2009-02-19
7,170,3,10,38,38,2009-02-24
7,171,3,10,30,30,2009-02-28
7,167,4,10,30,32,2009-01-29
7,169,4,10,19,33,2009-02-19
7,170,4,10,32,35,2009-02-24
7,171,4,10,31,31,2009-02-28
7,166,1,20,13,31,2006-10-25
7,171,1,20,30,30,2009-02-28
7,173,1,20,40,40,2008-08-11
7,166,2,20,26,32,2006-10-25
7,171,2,20,30,30,2009-02-28
7,173,2,20,43,43,2008-08-11
7,166,3,20,1,30,2006-10-25
7,171,3,20,30,30,2009-02-28
7,173,3,20,36,39,2008-08-11
7,166,4,20,27,30,2006-10-25
7,171,4,20,36,36,2009-02-28
7,173,4,20,39,39,2008-08-11
7,169,3,25,31,32,2009-02-19
7,168,1,30,31,31,2009-01-31
7,170,1,30,40,40,2009-02-24
7,172,1,30,31,32,2006-07-14
7,173,1,30,45,45,2008-08-11
7,168,2,30,35,35,2009-01-31
7,170,2,30,35,37,2009-02-24
7,172,2,30,28,54,2006-07-14
7,173,2,30,32,32,2008-08-11
7,166,3,30,30,30,2006-10-25
7,168,3,30,30,30,2009-01-31
7,170,3,30,25,37,2009-02-24
7,172,3,30,44,59,2006-07-14
7,173,3,30,28,28,2008-08-11
7,167,4,30,32,33,2009-01-29
7,168,4,30,23,32,2009-01-31
7,170,4,30,32,33,2009-02-24
7,172,4,30,45,60,2006-07-14
7,173,4,30,33,33,2008-08-11
7,167,1,50,67,69,2009-01-29
7,168,1,50,35,35,2009-01-31
7,169,1,50,33,33,2009-02-19
7,167,2,50,34,37,2009-01-29
7,168,2,50,33,33,2009-01-31
7,169,2,50,32,32,2009-02-19
7,167,3,50,43,49,2009-01-29
7,168,3,50,31,31,2009-01-31
7,169,3,50,33,33,2009-02-19
7,167,4,50,32,32,2009-01-29
7,168,4,50,46,46,2009-01-31
7,169,4,50,46,46,2009-02-19
8,199,1,-30,16,31,2007-10-12
8,202,1,-30,3,32,2007-11-05
8,203,1,-30,14,33,2007-11-07
8,205,1,-30,3,49,2007-12-17
8,206,1,-30,0,3,2009-02-04
8,199,2,-30,26,31,2007-10-12
8,202,2,-30,7,31,2007-11-05
8,203,2,-30,20,33,2007-11-07
8,205,2,-30,16,33,2007-12-17
8,199,3,-30,19,32,2007-10-12
8,202,3,-30,3,33,2007-11-05
8,203,3,-30,1,32,2007-11-07
8,205,3,-30,0,34,2007-12-17
8,199,4,-30,13,32,2007-10-12
8,202,4,-30,6,33,2007-11-05
8,203,4,-30,6,33,2007-11-07
8,205,4,-30,1,34,2007-12-17
8,206,4,-30,2,32,2009-02-04
8,200,1,-20,9,31,2007-10-31
8,201,1,-20,3,32,2007-11-01
8,202,1,-20,3,32,2007-11-05
8,205,1,-20,3,33,2007-12-17
8,200,2,-20,5,31,2007-10-31
8,201,2,-20,28,32,2007-11-01
8,202,2,-20,3,33,2007-11-05
8,205,2,-20,4,32,2007-12-17
8,200,3,-20,3,32,2007-10-31
8,201,3,-20,8,31,2007-11-01
8,202,3,-20,3,33,2007-11-05
8,205,3,-20,1,33,2007-12-17
8,200,4,-20,2,32,2007-10-31
8,201,4,-20,1,32,2007-11-01
8,202,4,-20,18,32,2007-11-05
8,205,4,-20,14,31,2007-12-17
8,201,1,-10,2,33,2007-11-01
8,203,1,-10,32,32,2007-11-07
8,204,1,-10,27,63,2007-12-14
8,201,2,-10,22,33,2007-11-01
8,203,2,-10,23,31,2007-11-07
8,201,3,-10,8,31,2007-11-01
8,203,3,-10,11,31,2007-11-07
8,201,4,-10,26,32,2007-11-01
8,203,4,-10,25,31,2007-11-07
8,204,4,-10,5,33,2007-12-14
8,199,1,0,19,29,2007-10-12
8,200,1,0,26,30,2007-10-31
8,201,1,0,12,35,2007-11-01
8,202,1,0,42,61,2007-11-05
8,203,1,0,32,34,2007-11-07
8,204,1,0,28,32,2007-12-14
8,205,1,0,6,33,2007-12-17
8,199,2,0,13,34,2007-10-12
8,200,2,0,22,30,2007-10-31
8,201,2,0,18,32,2007-11-01
8,202,2,0,22,33,2007-11-05
8,203,2,0,30,30,2007-11-07
8,204,2,0,24,32,2007-12-14
8,205,2,0,26,33,2007-12-17
8,199,3,0,24,32,2007-10-12
8,200,3,0,17,32,2007-10-31
8,201,3,0,29,30,2007-11-01
8,202,3,0,29,32,2007-11-05
8,203,3,0,32,32,2007-11-07
8,204,3,0,14,33,2007-12-14
8,205,3,0,13,37,2007-12-17
8,199,4,0,12,32,2007-10-12
8,200,4,0,18,31,2007-10-31
8,201,4,0,1,33,2007-11-01
8,202,4,0,33,34,2007-11-05
8,203,4,0,31,32,2007-11-07
8,204,4,0,23,33,2007-12-14
8,205,4,0,30,33,2007-12-17
8,201,1,10,12,33,2007-11-01
8,203,1,10,31,32,2007-11-07
8,204,1,10,30,31,2007-12-14
8,201,2,10,31,31,2007-11-01
8,203,2,10,29,30,2007-11-07
8,204,2,10,32,33,2007-12-14
8,201,3,10,30,30,2007-11-01
8,203,3,10,30,31,2007-11-07
8,204,3,10,28,30,2007-12-14
8,201,4,10,27,30,2007-11-01
8,203,4,10,34,34,2007-11-07
8,204,4,10,26,32,2007-12-14
8,200,1,20,22,34,2007-10-31
8,201,1,20,30,36,2007-11-01
8,202,1,20,31,31,2007-11-05
8,205,1,20,27,32,2007-12-17
8,200,2,20,28,31,2007-10-31
8,201,2,20,32,33,2007-11-01
8,202,2,20,32,32,2007-11-05
8,205,2,20,26,34,2007-12-17
8,200,3,20,30,32,2007-10-31
8,201,3,20,19,31,2007-11-01
8,202,3,20,33,33,2007-11-05
8,205,3,20,31,33,2007-12-17
8,200,4,20,21,32,2007-10-31
8,201,4,20,29,31,2007-11-01
8,202,4,20,31,31,2007-11-05
8,205,4,20,32,33,2007-12-17
8,199,1,30,23,34,2007-10-12
8,202,1,30,32,33,2007-11-05
8,203,1,30,30,31,2007-11-07
8,205,1,30,52,70,2007-12-17
8,199,2,30,24,29,2007-10-12
8,202,2,30,30,30,2007-11-05
8,203,2,30,30,31,2007-11-07
8,205,2,30,32,33,2007-12-17
8,199,3,30,26,31,2007-10-12
8,202,3,30,31,32,2007-11-05
8,203,3,30,30,31,2007-11-07
8,205,3,30,32,33,2007-12-17
8,206,3,30,30,32,2009-02-04
8,199,4,30,21,32,2007-10-12
8,202,4,30,33,33,2007-11-05
8,203,4,30,33,34,2007-11-07
8,205,4,30,32,32,2007-12-17
